internal_id,string_external_id,abundance
6881590,b0789,1.1
6882118,b1341,25.2
6882232,b1475,2.97
6883902,b3309,2603
6881517,b0708,1.45
6884256,b3678,0.279
6881088,b0220,489
6881220,b0375,0.398
6881241,b0398,0.036
6882105,b1328,0.016
6881544,b0736,18.8
6883640,b3020,8.36
6884683,b4161,58.0
6880897,b0014,2657
6883585,b2952,10.4
6884387,b3835,3.65
6883462,b2809,507
6883114,b2429,1.13
6881416,b0588,16.9
6883039,b2342,22.4
6883546,b2908,287
6884854,b4358,0.03
6882213,b1451,0.871
6881280,b0437,433
6883547,b2909,169
6882873,b2168,78.9
6882036,b1258,362
6883069,b2377,19.0
6883150,b2465,416
6884315,b3743,27.8
6884014,b3425,6.61
6882541,b1800,1.66
6884560,b4033,1.43
6882533,b1792,93.1
6883914,b3321,1951
6882202,b1440,890
6882642,b1904,8.13
6881065,b0189,105
6881196,b0346,21.6
6882689,b1959,0.62
6880959,b0080,23.7
6883394,b2739,0.437
6881995,b1212,0.324
6883897,b3304,1288
6881822,b1026,0
6882843,b2136,0.108
6883443,b2790,139
6882502,b1761,544
6884116,b3535,0
6884364,b3810,10.1
6883915,b3322,1.33
6882647,b1912,25.3
6884127,b3547,0.047
6881796,b0997,0.224
6882557,b1816,1.99
6882217,b1455,0
6881344,b0506,46.4
6884273,b3701,103
6881238,b0394,116
6883832,b3226,11.1
6884420,b3877,0
6881548,b0740,397
6883052,b2360,0.164
6881403,b0575,4.27
6881381,b0549,0
6881263,b0420,53.9
6881965,b1182,3.87
6881422,b0594,58.5
6882460,b1717,163
6882122,b1345,0.163
6881682,b0881,5.78
6881258,b0415,1116
6881645,b0844,8.25
6882334,b1589,3.26
6881912,b1121,0.007
6882133,b1357,0.007
6881063,b0187,46.8
6883695,b3078,0
6882354,b1609,1.14
6881790,b0991,0
6883246,b2561,9.85
6883645,b3025,2.41
6881976,b1193,4.54
6882433,b1690,0
6883413,b2758,0.455
6883981,b3390,171
6884764,b4252,389
6880891,b0007,0.01
6880993,b0116,1087
6882072,b1294,3.95
6881108,b0245,0.005
6881897,b1106,0.639
6884196,b3617,79.9
6880997,b0120,50.0
6882978,b2279,70.5
6882184,b1420,0
6881228,b0383,3.96
6881308,b0466,0
6883999,b3408,68.1
6882003,b1220,0.102
6881490,b0676,42.3
6881242,b0399,7.79
6884957,b4533,0
6884642,b4119,10.1
6882164,b1396,0.038
6883111,b2426,121
6884778,b4266,3.81
6881814,b1018,73.8
6882634,b1893,0
6883727,b3114,22.4
6884092,b3510,1301
6884306,b3734,1243
6880914,b0032,287
6883496,b2846,1.29
6881032,b0155,1.07
6883042,b2345,2.08
6884754,b4240,6.82
6883288,b2608,134
6884541,b4014,1609
6883254,b2569,141
6880918,b0036,0.658
6881706,b0906,1.52
6881599,b0798,0.503
6881802,b1003,1044
6884842,b4346,0.79
6884191,b3612,201
6880932,b0050,7.18
6882198,b1435,3.8
6882373,b1628,1.2
6881816,b1020,3.46
6883742,b3131,1.7
6882780,b2065,107
6881801,b1002,357
6881663,b0862,5.63
6881524,b0715,0.007
6884218,b3639,82.5
6883792,b3185,902
6882756,b2041,101
6882074,b1296,0
6881731,b0931,108
6883149,b2464,1038
6881197,b0347,0.016
6882926,b2224,0.396
6883025,b2326,0.918
6882504,b1763,2.55
6883604,b2976,302
6883898,b3305,1681
6881650,b0849,54.4
6883265,b2580,15.6
6884552,b4025,610
6884588,b4062,2.84
6883176,b2491,0.023
6882096,b1319,0.639
6881794,b0995,1.9
6883802,b3195,23.3
6883564,b2928,0.557
6883848,b3242,0
6881749,b0949,14.8
6883175,b2490,0
6884904,b4419,0
6882395,b1650,10.0
6883030,b2331,28.9
6882811,b2100,0.332
6881185,b0335,0.172
6882406,b1661,62.9
6883788,b3181,536
6882203,b1441,53.0
6883041,b2344,59.5
6882420,b1677,5694
6883634,b3012,240
6883257,b2572,8.41
6883924,b3331,0.027
6884291,b3719,0.221
6883392,b2737,0.533
6884629,b4106,0.122
6882284,b1531,2.27
6884555,b4028,0.005
6882929,b2229,0
6883894,b3301,1586
6884072,b3487,39.8
6883683,b3065,1818
6883125,b2440,2.78
6882028,b1250,14.1
6883708,b3091,5.36
6884434,b3891,38.2
6882112,b1335,7.21
6882274,b1521,26.5
6881967,b1184,0.002
6883512,b2872,25.5
6882234,b1477,0.137
6884944,b4513,0
6882867,b2162,0
6881341,b0503,2.19
6881634,b0833,1.77
6884432,b3889,0.262
6882378,b1633,3.48
6881889,b1098,32.0
6883705,b3088,0.193
6884475,b3934,1.69
6882098,b1321,4.84
6884457,b3916,431
6882341,b1596,0.891
6884353,b3794,7.85
6882381,b1636,24.7
6882271,b1518,18.1
6882505,b1764,146
6884813,b4312,1.9
6884938,b4504,0
6881216,b0368,0.28
6883511,b2871,4.04
6881253,b0410,122
6884660,b4138,24.0
6882697,b1970,3.19
6880913,b0031,199
6884646,b4123,1.73
6883088,b2399,0.732
6882737,b2021,160
6884486,b3945,79.7
6884349,b3790,0.421
6883148,b2463,422
6881316,b0474,882
6884689,b4170,6.53
6884534,b4003,0.331
6881799,b1000,206
6882254,b1497,0.011
6881633,b0832,0.595
6883478,b2828,8.48
6881768,b0968,75.4
6881724,b0924,37.0
6883760,b3151,0.459
6882791,b2076,0.315
6882246,b1489,0.542
6883005,b2306,57.6
6881534,b0726,373
6882844,b2137,57.4
6881778,b0979,0
6883377,b2722,0
6882785,b2070,0.767
6883117,b2432,10.3
6881819,b1023,0.05
6881074,b0198,13.4
6881351,b0514,1.02
6884338,b3778,3.3
6883378,b2723,0.008
6881491,b0677,87.6
6883561,b2925,1372
6882247,b1490,27.2
6883185,b2500,56.5
6884845,b4349,16.7
6881874,b1083,64.5
6882897,b2195,1.52
6881158,b0305,0.19
6884025,b3439,140
6884878,b4385,0.515
6882806,b2095,1769
6882967,b2268,1.98
6881811,b1013,3.05
6884225,b3646,0.007
6882047,b1269,48.1
6882352,b1607,0.03
6882828,b2120,0.115
6882894,b2192,0.26
6881981,b1198,28.8
6883686,b3068,80.8
6881415,b0587,0.501
6880978,b0099,3.13
6881992,b1209,61.7
6884020,b3432,75.3
6884230,b3651,6.27
6881078,b0208,11.0
6881466,b0641,57.9
6882139,b1370,0.228
6884064,b3479,0.848
6883015,b2316,250
6881906,b1115,0
6883501,b2852,0
6883397,b2742,32.3
6881560,b0759,127
6883427,b2774,0.089
6884310,b3738,13.7
6884095,b3513,18.2
6882772,b2057,0.328
6883305,b2628,0.967
6883336,b2674,2.5
6883490,b2840,7.38
6882846,b2141,0.065
6884777,b4265,6.13
6883746,b3137,1.11
6884097,b3515,0.511
6884374,b3822,0.594
6883045,b2349,1.26
6884530,b3999,54.6
6882308,b1557,26.5
6883104,b2419,0.803
6884286,b3714,2.14
6881243,b0400,5.5
6881294,b0451,76.3
6882731,b2015,0.626
6882471,b1730,0
6882752,b2037,0.28
6884685,b4166,0.014
6883423,b2768,0.025
6883786,b3179,26.6
6881726,b0926,1.96
6882402,b1657,7.07
6882735,b2019,233
6882432,b1689,1.19
6882083,b1305,105
6882103,b1326,21.6
6882934,b2234,240
6883522,b2882,0.072
6883256,b2571,85.8
6882140,b1372,0.751
6884340,b3780,137
6881959,b1176,42.7
6884970,b4551,14.4
6881361,b0525,755
6884800,b4298,1.78
6882336,b1591,7.78
6883270,b2585,243
6884714,b4195,1.9
6882933,b2233,0.08
6882337,b1592,0
6882130,b1353,2.27
6883590,b2957,47.6
6884943,b4512,2.39
6880972,b0093,2.85
6881038,b0161,397
6883921,b3328,0
6882805,b2094,1432
6881084,b0214,3.78
6882953,b2254,15.5
6883723,b3106,1.24
6883444,b2791,1.27
6881073,b0197,1138
6883063,b2371,0
6881700,b0900,0.003
6883168,b2483,0
6882892,b2187,165
6883839,b3233,387
6882747,b2032,24.4
6883098,b2413,22.1
6884346,b3787,4.84
6884564,b4037,198
6882149,b1381,2.28
6884632,b4109,0.596
6884137,b3557,0
6884897,b4406,94.5
6882713,b1993,9.99
6882225,b1466,0.925
6884241,b3663,1.58
6882013,b1233,14.4
6883919,b3326,0.016
6881934,b1144,0.01
6884437,b3894,13.2
6881299,b0457,0.424
6884326,b3754,0.032
6882073,b1295,65.0
6883214,b2529,793
6881792,b0993,0.76
6882511,b1770,10.9
6884935,b4487,47.6
6882818,b2107,165
6881004,b0127,44.3
6882648,b1913,5.76
6882124,b1347,1.13
6884927,b4478,0.147
6884091,b3509,733
6881156,b0303,0.512
6881488,b0674,140
6883354,b2699,355
6882641,b1902,1.98
6882991,b2292,0.069
6883715,b3098,1113
6883669,b3051,2.46
6881723,b0923,93.2
6883365,b2710,0.173
6884278,b3706,88.6
6883821,b3214,0.251
6881040,b0163,797
6881624,b0823,0.03
6880922,b0040,0.035
6882355,b1610,2.35
6881530,b0721,58.3
6883583,b2950,0.915
6883946,b3353,0.751
6881578,b0777,0.526
6882635,b1894,0.041
6881099,b0233,3.04
6883554,b2918,0.148
6881829,b1037,24.0
6882439,b1696,0.327
6884584,b4058,55.1
6883631,b3009,3.27
6881019,b0142,2.88
6881539,b0731,0.035
6882288,b1535,1.61
6881594,b0793,0.423
6884834,b4333,8.54
6883157,b2472,18.2
6882764,b2049,0.416
6882269,b1516,374
6881187,b0337,170
6884320,b3748,130
6881336,b0494,36.9
6881208,b0358,0.018
6883932,b3339,9789
6884535,b4004,0.423
6882579,b1838,0
6882468,b1727,108
6883977,b3386,545
6882010,b1227,0.773
6883398,b2743,21.2
6883945,b3352,10.9
6882989,b2290,46.6
6882690,b1960,0.992
6881378,b0546,0.576
6884501,b3961,69.7
6884488,b3947,0.876
6882495,b1754,2.3
6881461,b0636,16.3
6881509,b0697,0.799
6882612,b1871,7.25
6884849,b4353,0.008
6882943,b2244,0
6881119,b0259,0.26
6881852,b1061,10.2
6881773,b0974,2.32
6884200,b3621,1.15
6884707,b4188,2.22
6880945,b0065,0
6881789,b0990,27.0
6881295,b0452,71.0
6883899,b3306,1255
6884511,b3980,1889
6881747,b0947,44.2
6883337,b2675,31.4
6884876,b4383,368
6882573,b1832,148
6884452,b3909,0.523
6882774,b2059,0.271
6880953,b0073,404
6883383,b2728,1.04
6884133,b3553,178
6883828,b3222,1.83
6883227,b2542,0.12
6884916,b4467,1.53
6884372,b3820,50.0
6884978,b4566,0.045
6882490,b1749,194
6882532,b1791,0.004
6881492,b0678,181
6882348,b1603,167
6883389,b2734,0
6882493,b1752,0.199
6883817,b3210,38.8
6883811,b3204,282
6883408,b2753,0.746
6881478,b0653,2.18
6883000,b2301,32.7
6884591,b4065,1.35
6882078,b1300,1.75
6883991,b3400,39.8
6882935,b2235,123
6882762,b2047,0.137
6882512,b1771,0.175
6881535,b0727,542
6881365,b0529,75.2
6882323,b1575,0.043
6883391,b2736,0.343
6881007,b0130,0.441
6884015,b3426,133
6883807,b3200,85.7
6883610,b2984,0.015
6884316,b3744,75.6
6881600,b0799,0.281
6883209,b2524,60.4
6882574,b1833,0.473
6884906,b4423,0
6884023,b3437,12.4
6882595,b1854,407
6883551,b2914,468
6882946,b2247,0.69
6883572,b2938,167
6882654,b1919,193
6884590,b4064,36.9
6884892,b4399,0.301
6884483,b3942,750
6881618,b0817,8.72
6882921,b2219,0.171
6883374,b2719,0.166
6883855,b3251,466
6881848,b1057,0
6882379,b1634,5.23
6883128,b2443,0.751
6883231,b2546,0.009
6881738,b0938,0
6884080,b3497,3.33
6880885,b0001,0
6884768,b4256,25.4
6881832,b1040,40.0
6882888,b2183,67.5
6881480,b0655,837
6882019,b1241,1256
6881382,b0550,0
6882649,b1914,33.1
6881570,b0769,0.234
6881489,b0675,76.0
6881939,b1150,0
6884670,b4148,0
6881385,b0554,0.027
6883342,b2682,0.015
6882699,b1972,1.17
6882876,b2171,208
6881613,b0812,2541
6882146,b1378,19.2
6883073,b2381,7.22
6883282,b2602,0.225
6881627,b0826,4.08
6883064,b2372,0.026
6881640,b0839,225
6881580,b0779,31.9
6880992,b0115,966
6882115,b1338,0.105
6883528,b2890,498
6884006,b3415,0.762
6881339,b0497,0.009
6881170,b0318,0.184
6882900,b2198,0
6882445,b1702,397
6884079,b3496,0.318
6881133,b0275,0.014
6883739,b3128,1.56
6881933,b1143,0
6882276,b1523,0.013
6880998,b0121,76.1
6883783,b3176,257
6882228,b1469,2.04
6884735,b4217,5.38
6882077,b1299,21.0
6883837,b3231,2158
6881499,b0685,13.8
6881395,b0567,0.925
6883847,b3241,0.001
6881508,b0696,0.171
6881219,b0373,0.235
6883196,b2511,154
6881198,b0348,0
6884207,b3628,1.8
6882628,b1887,278
6881373,b0540,0.235
6880917,b0035,0
6881213,b0365,0.406
6882901,b2199,0.045
6881623,b0822,18.8
6881276,b0433,0.458
6883243,b2558,0.025
6882550,b1809,382
6883139,b2454,0
6882878,b2173,2.69
6884772,b4260,143
6883892,b3299,202
6882875,b2170,0
6880958,b0078,308
6881293,b0450,55.4
6884078,b3495,439795
6881918,b1127,170
6883824,b3218,0.26
6881971,b1188,19.6
6883584,b2951,127
6884417,b3874,2.47
6883801,b3194,6.99
6880967,b0088,40.7
6884989,b4596,4.88
6883697,b3080,0.002
6883267,b2582,7.69
6883652,b3032,46.0
6883714,b3097,11.6
6884507,b3967,8.89
6881479,b0654,5.31
6883665,b3047,1.11
6882306,b1555,20.1
6882704,b1981,26.9
6880909,b0027,0.992
6884820,b4319,0.15
6882061,b1283,62.0
6882587,b1846,66.6
6881428,b0600,8.17
6882905,b2203,0.222
6884623,b4098,4.12
6881353,b0516,0.432
6881331,b0489,33.2
6882422,b1679,10.3
6883463,b2810,5.72
6882419,b1676,1161
6880902,b0020,0.473
6884232,b3653,0.964
6882840,b2133,220
6882617,b1876,131
6882559,b1818,169
6882375,b1630,0.54
6884059,b3474,0.142
6882365,b1620,0.233
6884718,b4199,0
6881655,b0854,462
6884832,b4331,0.718
6883322,b2660,2.06
6882390,b1645,0.365
6881769,b0969,23.4
6883119,b2434,8.22
6884262,b3687,96.9
6882339,b1594,2.58
6883464,b2811,40.9
6882257,b1500,0.009
6884869,b4376,384
6884367,b3813,23.0
6883859,b3256,172
6881550,b0742,126
6884482,b3941,364
6882093,b1315,0.644
6881414,b0586,57.3
6881847,b1056,90.3
6882157,b1389,0
6883089,b2400,259
6881050,b0174,19.1
6884963,b4542,0
6884751,b4237,1.2
6881885,b1094,2285
6883226,b2541,0.002
6881124,b0265,0.014
6881672,b0871,291
6884717,b4198,0.736
6883841,b3235,4.5
6881586,b0785,103
6881692,b0892,7.15
6883253,b2568,51.4
6881138,b0281,0.627
6884827,b4326,0.692
6881977,b1194,28.1
6884787,b4280,4.93
6881139,b0283,0.272
6884336,b3774,1595
6881166,b0314,0.47
6882366,b1621,0.544
6881833,b1041,0.768
6881756,b0956,119
6882183,b1419,0.023
6884473,b3932,95.5
6883206,b2521,410
6883690,b3073,7.91
6883315,b2642,1.36
6883953,b3360,2.04
6882665,b1930,162
6882790,b2075,0.249
6882751,b2036,254
6882114,b1337,0.276
6884253,b3675,0.705
6882515,b1774,0
6881322,b0480,117
6881884,b1093,905
6882682,b1951,0.004
6881500,b0686,82.6
6884837,b4336,4.84
6884883,b4390,21.1
6881436,b0608,45.4
6882371,b1626,0.135
6882434,b1691,0.059
6882389,b1644,1.1
6881446,b0619,0.247
6882963,b2264,2.57
6884817,b4316,4.57
6883671,b3053,17.3
6881457,b0632,160
6881686,b0886,16.9
6883796,b3189,65.9
6884728,b4210,0.008
6882531,b1790,0.004
6881087,b0219,16.3
6881452,b0627,16.1
6881398,b0570,25.6
6881569,b0768,0.045
6882464,b1723,179
6882412,b1669,0.333
6882231,b1474,1.22
6881037,b0160,2.81
6880910,b0028,234
6883237,b2552,7.52
6883029,b2330,177
6880905,b0023,1190
6881732,b0932,208
6882148,b1380,151
6882621,b1880,0.085
6883560,b2924,186
6883614,b2988,48.7
6884643,b4120,0.403
6883562,b2926,3022
6883520,b2880,3.9
6884573,b4047,0.007
6882902,b2200,0.005
6882593,b1852,280
6883550,b2913,626
6880950,b0070,0.016
6884655,b4132,0.045
6883768,b3159,0.172
6881904,b1113,0.394
6882051,b1273,223
6881434,b0606,181
6884307,b3735,588
6882321,b1572,0.007
6884358,b3803,103
6884526,b3995,261
6881803,b1004,1258
6881236,b0391,355
6884186,b3607,66.4
6882726,b2010,0.189
6883476,b2826,0
6882639,b1900,0.85
6884298,b3726,0.636
6881165,b0313,0.965
6882760,b2045,0.089
6882792,b2077,0.022
6881546,b0738,27.8
6884711,b4192,3.81
6882255,b1498,12.3
6882424,b1681,17.1
6883603,b2975,2.04
6883459,b2806,10.6
6881224,b0379,0
6884027,b3441,1.0
6881625,b0824,0.203
6884950,b4522,0.017
6884549,b4022,7.32
6882962,b2263,1.08
6884177,b3598,0
6882920,b2218,3.77
6883881,b3288,107
6884732,b4214,260
6883373,b2718,0.171
6884976,b4559,0
6883159,b2474,0.704
6881201,b0351,4.33
6881821,b1025,0.301
6884000,b3409,47.3
6884411,b3868,27.2
6880948,b0068,157
6881141,b0285,0.035
6883730,b3117,21.1
6884910,b4460,0.019
6883939,b3346,72.8
6884138,b3558,3.71
6882494,b1753,1.59
6881607,b0806,0.365
6883074,b2382,1.19
6882305,b1554,0.242
6883950,b3357,669
6882746,b2030,0.26
6881375,b0543,0.443
6884153,b3573,0
6882571,b1830,147
6884795,b4293,0.385
6882398,b1653,1.13
6883390,b2735,4.38
6881950,b1164,0.01
6881619,b0818,0.003
6884721,b4202,1547
6883301,b2624,0
6881034,b0157,0.075
6881432,b0604,20.7
6881592,b0791,0
6881727,b0927,84.6
6882291,b1538,154
6882316,b1565,0
6883386,b2731,0.41
6881454,b0629,0.002
6884053,b3468,0.068
6883037,b2340,7.92
6882011,b1229,0
6883147,b2462,0.004
6884727,b4209,3.34
6883043,b2346,16.0
6881010,b0133,424
6882489,b1748,126
6884933,b4484,1.71
6884380,b3828,6.02
6880931,b0049,16.6
6883093,b2408,0
6883277,b2597,925
6881052,b0176,4.81
6881347,b0509,0.049
6883210,b2525,280
6881717,b0917,202
6883724,b3107,0
6882223,b1464,5.35
6884699,b4180,31.2
6883012,b2313,5.12
6881689,b0889,1018
6884063,b3478,0.244
6884705,b4186,0
6882882,b2177,0.772
6881520,b0711,34.6
6884234,b3655,15.8
6881075,b0199,78.6
6883085,b2394,0.272
6883887,b3294,1119
6882749,b2034,50.1
6883167,b2482,0
6884547,b4020,1.15
6884815,b4314,10.9
6883733,b3120,0
6881199,b0349,1.17
6884551,b4024,107
6884586,b4060,0
6884129,b3549,3.05
6882039,b1261,451
6883140,b2455,0.531
6884029,b3444,0.041
6883190,b2505,0
6884117,b3536,0.77
6881384,b0552,0.26
6881027,b0150,43.1
6882549,b1808,0.204
6884154,b3574,16.8
6881554,b0753,550
6881545,b0737,25.6
6883782,b3175,123
6884161,b3581,1.88
6882219,b1460,0.384
6881447,b0620,3.16
6882363,b1618,6.13
6883333,b2671,2.34
6884722,b4203,1755
6882998,b2299,131
6881438,b0611,19.6
6882463,b1722,0.589
6884333,b3771,43.2
6881932,b1141,0.853
6882416,b1673,0.81
6882534,b1793,4.45
6884929,b4480,13.6
6881476,b0651,122
6881177,b0326,0.014
6881777,b0978,4.72
6883412,b2757,0.006
6884762,b4249,0
6881057,b0181,167
6883647,b3027,0
6883973,b3382,0.005
6882175,b1409,0
6884071,b3486,4.25
6882611,b1870,40.1
6882835,b2128,1.77
6884843,b4347,0
6884857,b4361,3.53
6884835,b4334,0.316
6883255,b2570,1.04
6881270,b0427,0.1
6882278,b1525,7.54
6883651,b3031,6192
6881296,b0453,366
6881083,b0213,0.241
6882267,b1514,0.475
6881966,b1183,0
6881945,b1159,0.057
6884729,b4211,37.0
6882353,b1608,28.4
6884265,b3690,0.498
6883502,b2853,0
6881371,b0535,1.06
6883805,b3198,78.0
6882211,b1449,196
6883707,b3090,0.347
6884905,b4421,0
6882377,b1632,0.901
6884300,b3728,330
6882324,b1576,0.154
6882004,b1221,458
6881469,b0644,0.57
6883654,b3034,106
6882292,b1539,399
6881325,b0483,5.59
6882814,b2103,232
6883884,b3291,128
6883752,b3143,0.222
6883044,b2347,2.92
6882411,b1668,18.5
6881101,b0237,467
6882486,b1745,1.57
6882745,b2029,1060
6884980,b4568,0
6881486,b0661,13.0
6881670,b0869,2.07
6882431,b1688,1.34
6882519,b1778,279
6881251,b0408,68.8
6883426,b2771,0.005
6882173,b1407,0.015
6884665,b4143,2479
6882310,b1559,0.21
6883116,b2431,113
6884836,b4335,0.065
6882538,b1797,1.17
6882630,b1889,6.43
6881085,b0215,0.669
6882968,b2269,0.297
6881204,b0354,34.4
6881100,b0234,0.017
6881694,b0894,3.92
6881000,b0123,71.9
6881421,b0593,104
6880983,b0106,1.2
6881907,b1116,6.85
6882023,b1245,23.5
6882955,b2256,2.26
6882081,b1303,2.09
6880926,b0044,0
6884536,b4005,148
6883032,b2333,1.75
6884574,b4048,0.002
6884292,b3720,0.005
6884222,b3643,3.31
6884571,b4045,645
6880911,b0029,35.7
6881793,b0994,9.08
6883713,b3096,0
6883843,b3237,14.4
6883396,b2741,146
6882367,b1622,5.41
6882364,b1619,447
6882622,b1881,298
6881252,b0409,41.6
6881310,b0468,4.64
6881287,b0444,43.1
6881574,b0773,170
6883292,b2614,771
6884094,b3512,31.0
6881426,b0598,231
6882282,b1529,0.52
6884967,b4547,6.04
6882679,b1948,1.42
6883217,b2532,59.9
6883659,b3040,2.44
6883741,b3130,1.62
6884089,b3507,0.541
6881913,b1122,0
6884238,b3660,0.018
6881042,b0166,668
6884654,b4131,6.11
6884569,b4043,48.1
6884880,b4387,3.2
6883530,b2892,3.06
6881779,b0980,3.77
6882347,b1602,209
6883918,b3325,0.586
6881752,b0952,16.5
6883239,b2554,3.67
6884189,b3610,444
6882817,b2106,0
6881864,b1073,0.403
6884587,b4061,0.149
6881817,b1021,0
6881282,b0439,230
6884879,b4386,9.95
6883013,b2314,15.8
6881750,b0950,0.175
6881334,b0492,287
6883382,b2727,2.09
6882410,b1667,434
6882517,b1776,0.75
6880939,b0059,30.4
6881881,b1090,9.07
6881070,b0194,453
6881356,b0520,1.42
6884398,b3849,0.075
6884776,b4264,1.7
6884544,b4017,1.05
6882469,b1728,0
6884900,b4410,0.034
6881047,b0171,160
6883191,b2506,0.518
6884730,b4212,0.685
6881485,b0660,193
6883710,b3093,1.16
6881855,b1064,383
6883236,b2551,1593
6882802,b2091,495
6884120,b3539,0.313
6880986,b0109,122
6884812,b4311,0.315
6881225,b0380,1.36
6881404,b0576,0.091
6882916,b2214,0.373
6883450,b2797,2.43
6883888,b3295,970
6883318,b2645,0.004
6882849,b2144,4.5
6882730,b2014,0.279
6881620,b0819,311
6883338,b2676,55.2
6882624,b1883,7.01
6882152,b1384,0.357
6881522,b0713,6.23
6883298,b2620,35.7
6884227,b3648,59.3
6883059,b2367,0
6882106,b1329,107
6881729,b0929,598
6883780,b3172,337
6884032,b3447,66.7
6883607,b2980,7.08
6882705,b1982,37.1
6883368,b2713,0
6882446,b1703,36.9
6881377,b0545,1.67
6884100,b3518,6.95
6881135,b0278,0.747
6881475,b0650,0.91
6882029,b1251,483
6884124,b3543,19.7
6883588,b2955,2.78
6883773,b3164,757
6882361,b1616,0.04
6884865,b4372,9.55
6884413,b3870,602
6881423,b0595,213
6882695,b1968,1.57
6883820,b3213,248
6880895,b0011,0.004
6882724,b2008,0.118
6883233,b2548,0.172
6884051,b3466,0.006
6883613,b2987,0
6883958,b3365,2.16
6882318,b1569,0
6883120,b2435,2.82
6884908,b4453,0
6881453,b0628,72.7
6882162,b1394,0.537
6882360,b1615,0.027
6882748,b2033,10.4
6881774,b0975,0
6883341,b2679,64.5
6884217,b3638,0.01
6883138,b2453,0.268
6883156,b2471,133
6883620,b2994,23.0
6882537,b1796,0
6884532,b4001,0.74
6883183,b2498,722
6882215,b1453,0.01
6881854,b1063,28.7
6883259,b2574,7.04
6882329,b1584,33.9
6883879,b3284,0.081
6882608,b1867,84.7
6881359,b0523,260
6883091,b2406,0
6882104,b1327,4.93
6881975,b1192,13.5
6880924,b0042,1.87
6882163,b1395,0
6882196,b1433,0
6881943,b1156,0.059
6884132,b3552,15.4
6882268,b1515,3.13
6882973,b2274,0
6882810,b2099,4.09
6884385,b3833,206
6882090,b1312,0.004
6883943,b3350,4.18
6883258,b2573,50.9
6883644,b3024,499
6883228,b2543,1.54
6884781,b4269,48.3
6884119,b3538,2.28
6882110,b1333,470
6884860,b4364,0.642
6881941,b1154,0.002
6883831,b3225,18.6
6881417,b0589,0.013
6883720,b3103,0.578
6884901,b4411,463
6883143,b2458,0.451
6882064,b1286,107
6882187,b1423,76.8
6884243,b3665,0.211
6882236,b1479,219
6883836,b3230,1317
6882638,b1897,29.9
6881248,b0405,3.29
6884681,b4159,0.477
6884540,b4013,113
6881525,b0716,0.627
6883736,b3125,35.1
6884797,b4295,44.3
6881587,b0786,3.3
6884348,b3789,9.17
6883303,b2626,0.008
6883006,b2307,0.801
6884477,b3936,470
6883846,b3240,0.264
6884211,b3632,2.04
6884087,b3505,0.268
6884082,b3499,16.6
6883310,b2633,2.66
6882651,b1916,3.08
6881713,b0913,0
6884492,b3952,0.569
6881244,b0401,1.37
6882201,b1439,0.312
6881324,b0482,2.11
6882131,b1355,0.09
6882653,b1918,10.1
6881748,b0948,14.3
6881825,b1033,104
6882591,b1850,654
6884909,b4455,0.22
6884293,b3721,0
6881256,b0413,71.5
6884500,b3960,92.5
6883763,b3154,2.23
6882733,b2017,14.8
6882226,b1467,2.17
6883215,b2530,788
6881363,b0527,0
6881842,b1050,0
6881928,b1137,0.025
6884399,b3850,72.2
6884465,b3924,96.2
6881388,b0557,38.3
6884299,b3727,45.4
6882981,b2282,14.5
6884644,b4121,0
6883625,b3001,280
6882734,b2018,0
6883441,b2788,0.06
6882615,b1874,15.4
6883313,b2636,0.25
6884449,b3906,0.058
6884850,b4354,40.3
6881513,b0702,0
6881369,b0533,0.004
6883034,b2335,0.195
6881646,b0845,0.443
6883579,b2946,8.63
6882501,b1760,44.3
6882145,b1377,12.8
6884954,b4528,0
6882076,b1298,6.81
6881234,b0389,217
6882049,b1271,26.8
6884802,b4300,0.066
6881784,b0985,0.321
6882048,b1270,19.9
6881392,b0564,0.604
6883795,b3188,0.002
6884162,b3582,0.059
6881783,b0984,0.35
6881211,b0363,0.163
6883033,b2334,0
6882299,b1547,0
6881840,b1048,204
6883346,b2686,0.037
6884058,b3473,1.24
6883775,b3166,5.41
6881451,b0624,1.08
6881094,b0226,25.8
6882399,b1654,559
6882156,b1388,0.581
6881332,b0490,6.29
6882008,b1225,16.3
6883982,b3391,0.957
6883830,b3224,0.019
6882618,b1877,0
6882108,b1331,0.26
6884192,b3613,3.4
6883702,b3085,0.163
6882990,b2291,9.57
6883510,b2870,15.2
6883941,b3348,58.3
6883600,b2968,0.004
6882159,b1391,0.108
6882470,b1729,78.6
6883189,b2504,1.79
6883122,b2437,0
6881312,b0470,10.6
6882678,b1947,2.01
6880989,b0112,86.3
6883115,b2430,0.104
6884074,b3491,0
6884323,b3751,1347
6883762,b3153,108
6883867,b3264,0.007
6881982,b1199,132
6882270,b1517,230
6882472,b1731,8.22
6884509,b3973,8.63
6882436,b1693,63.7
6884022,b3434,0.066
6883164,b2479,19.7
6881652,b0851,76.9
6882592,b1851,7.52
6882957,b2258,0
6883317,b2644,0.074
6881067,b0191,0.74
6882358,b1613,237
6884921,b4472,1.59
6881662,b0861,4.86
6884864,b4371,36.7
6884690,b4171,5.4
6882520,b1779,4285
6884593,b4067,88.7
6882409,b1664,3.2
6883852,b3248,11.7
6881298,b0456,60.0
6882947,b2248,0.349
6882903,b2201,0.5
6882606,b1865,1.08
6883558,b2922,388
6882387,b1642,303
6883827,b3221,44.4
6881725,b0925,5.41
6882979,b2280,0.094
6883477,b2827,95.5
6882576,b1835,1.45
6882808,b2097,627
6882007,b1224,15.2
6881895,b1104,8.99
6881268,b0425,2.85
6881583,b0782,624
6883728,b3115,1.36
6883471,b2821,9.32
6882540,b1799,2.09
6882524,b1783,390
6884520,b3989,0.006
6881327,b0485,32.1
6883294,b2616,2.8
6882859,b2154,19.4
6883199,b2514,276
6882442,b1699,0
6883785,b3178,248
6883035,b2336,0.004
6881181,b0330,3.11
6884824,b4323,39.2
6883366,b2711,0.294
6884016,b3428,99.6
6882640,b1901,269
6883844,b3238,0.131
6883376,b2721,0.711
6882807,b2096,2298
6881575,b0774,13.8
6882800,b2088,0.41
6883424,b2769,0.202
6881651,b0850,0
6882866,b2161,0.386
6883563,b2927,10.0
6882037,b1259,179
6882034,b1256,58.5
6881473,b0648,0
6883308,b2631,0.963
6882995,b2296,428
6883495,b2845,0.035
6881290,b0447,3.23
6883421,b2766,0.149
6884040,b3455,123
6881668,b0867,4.02
6881512,b0700,0.14
6884651,b4128,0.696
6880923,b0041,1.01
6883734,b3121,0.004
6882543,b1802,0
6884639,b4116,0.066
6883954,b3361,72.6
6882101,b1324,1439
6881025,b0148,0.694
6883701,b3084,1.1
6882251,b1494,6.13
6884441,b3898,0.102
6883388,b2733,6.2
6883160,b2475,27.7
6884806,b4304,3.33
6883431,b2778,1.31
6881719,b0919,6.85
6883890,b3297,655
6882683,b1952,0
6882031,b1253,12.6
6883678,b3060,0.165
6883559,b2923,0.051
6883944,b3351,2.95
6881638,b0837,0.444
6881035,b0158,1.32
6884633,b4110,47.1
6881626,b0825,20.2
6883016,b2317,2.44
6884415,b3872,1.03
6883759,b3150,106
6882500,b1759,1.1
6884505,b3965,23.3
6883957,b3364,0
6882199,b1436,0
6884798,b4296,0
6880886,b0002,317
6881262,b0419,168
6883020,b2321,0.876
6880915,b0033,254
6883086,b2395,0.783
6882167,b1399,6.95
6884924,b4475,0.017
6881543,b0735,0
6882340,b1595,1.05
6881850,b1059,63.8
6883872,b3270,0
6882936,b2236,0
6881246,b0403,0.947
6881180,b0329,1112
6883281,b2601,123
6882619,b1878,1.27
6881910,b1119,17.7
6883643,b3023,0.018
6883192,b2507,405
6881175,b0324,1.33
6881511,b0699,70.8
6881221,b0376,1.07
6882945,b2246,0
6884084,b3501,1.41
6884002,b3411,0.003
6884193,b3614,0.402
6882637,b1896,106
6882786,b2071,0.913
6881360,b0524,13.4
6884559,b4032,0.015
6881151,b0295,0.999
6884366,b3812,23.6
6882459,b1716,1386
6884285,b3713,525
6880912,b0030,61.5
6882396,b1651,153
6884736,b4218,5.71
6884330,b3766,0
6884474,b3933,23.1
6883862,b3259,46.4
6883241,b2556,0.43
6882986,b2287,225
6881497,b0683,342
6884890,b4397,42.3
6882839,b2132,39.4
6881791,b0992,0.002
6881699,b0899,0.003
6881126,b0268,11.7
6881304,b0462,38.0
6883689,b3072,4.8
6884160,b3580,0.002
6883630,b3008,201
6881892,b1101,264
6884766,b4254,154
6881474,b0649,0
6882466,b1725,133
6883290,b2610,153
6881230,b0385,0.001
6884960,b4537,90.7
6881770,b0970,0.808
6881281,b0438,223
6884626,b4101,0.028
6882005,b1222,0.692
6881704,b0904,36.2
6881903,b1112,5.51
6881563,b0762,0
6881272,b0429,25.5
6884871,b4378,10.2
6883602,b2972,0.005
6880940,b0060,0.182
6884008,b3417,98.9
6884443,b3900,0.255
6883379,b2724,0.203
6881167,b0315,1.02
6882165,b1397,0.107
6883552,b2916,120
6881754,b0954,720
6882368,b1623,101
6883201,b2516,165
6881758,b0958,0.356
6884288,b3716,0
6882743,b2027,195
6883381,b2726,0.413
6883307,b2630,0.101
6883766,b3157,0.36
6881701,b0901,2.0
6884038,b3453,473
6883425,b2770,9.47
6881060,b0184,2.86
6883611,b2985,0.002
6881303,b0461,0.063
6883497,b2847,0.006
6882565,b1824,0
6882075,b1297,0.494
6883127,b2442,0.08
6882448,b1705,9.01
6882607,b1866,373
6882819,b2108,0
6881709,b0909,0.002
6881828,b1036,0.039
6881707,b0907,1107
6882474,b1733,0.951
6882417,b1674,0.119
6882732,b2016,136
6883238,b2553,215
6882100,b1323,36.6
6884331,b3769,0
6884388,b3836,193
6883568,b2934,0
6881853,b1062,302
6881107,b0243,220
6882391,b1646,52.6
6881523,b0714,1.28
6884110,b3528,40.6
6882119,b1342,14.2
6884472,b3931,251
6881993,b1210,1.91
6884678,b4156,0
6881602,b0801,146
6883053,b2361,0.011
6882030,b1252,30.1
6881390,b0559,5.76
6882893,b2188,2.89
6883262,b2577,0.024
6881528,b0719,0.01
6882070,b1292,8.87
6882220,b1461,65.0
6881456,b0631,898
6883936,b3343,16.0
6883615,b2989,282
6881387,b0556,0.558
6882150,b1382,39.0
6883675,b3057,0.193
6881736,b0936,4.56
6881410,b0582,0.16
6881227,b0382,396
6882686,b1956,1.73
6884068,b3483,0.009
6882009,b1226,1.26
6883078,b2386,0
6882758,b2043,0.422
6880961,b0082,56.7
6882548,b1807,14.7
6883372,b2717,8.43
6883453,b2800,1.42
6881173,b0321,0.866
6882027,b1249,8.5
6884357,b3802,52.4
6882508,b1767,23.8
6881937,b1147,0
6884610,b4084,1.35
6882141,b1373,0.006
6884248,b3670,186
6881102,b0238,82.3
6884375,b3823,0.215
6882789,b2074,1.95
6882239,b1482,1168
6884144,b3564,1.73
6883244,b2559,2.44
6884619,b4094,3.49
6883774,b3165,1053
6884831,b4330,0
6881737,b0937,0.296
6882059,b1281,39.5
6881342,b0504,0.018
6882478,b1737,10.5
6884953,b4527,0
6881919,b1128,124
6881323,b0481,224
6883352,b2697,323
6883402,b2747,6.87
6882777,b2062,0.377
6881380,b0548,0.012
6882063,b1285,0.409
6881785,b0986,0.002
6884134,b3554,277
6883581,b2948,65.2
6883415,b2760,0.109
6883740,b3129,34.7
6883457,b2804,42.1
6881056,b0180,663
6882262,b1507,2.18
6882491,b1750,0.201
6881368,b0532,0.002
6881039,b0162,1.39
6882121,b1344,5.63
6883504,b2861,0.191
6882066,b1288,1064
6884578,b4052,19.9
6884461,b3920,7.16
6882525,b1784,5.12
6882134,b1358,0
6884973,b4555,2.28
6883812,b3205,67.5
6884713,b4194,9.91
6881632,b0831,4.24
6881677,b0876,3.07
6884839,b4340,0.238
6881044,b0168,225
6883565,b2929,0.163
6882516,b1775,0
6882289,b1536,110
6883735,b3124,1.55
6883289,b2609,1482
6883956,b3363,238
6883455,b2802,1.34
6884325,b3753,0.005
6882317,b1566,6.07
6883208,b2523,425
6881859,b1068,12.1
6883540,b2902,1.52
6884174,b3594,3.56
6884761,b4248,6.67
6881880,b1089,2168
6882950,b2251,1.46
6882913,b2211,0.902
6882896,b2194,6.76
6883429,b2776,1.37
6881350,b0513,0
6883370,b2715,0.561
6882755,b2040,75.2
6884710,b4191,6.65
6881710,b0910,152
6881435,b0607,1517
6882261,b1504,0.005
6884404,b3860,296
6881935,b1145,3.62
6884760,b4246,0
6884805,b4303,199
6883906,b3313,761
6884427,b3884,16.8
6881069,b0193,0.114
6881055,b0179,125
6883861,b3258,0.198
6884418,b3875,0.236
6881503,b0689,0.814
6882992,b2293,43.0
6882753,b2038,49.7
6883557,b2921,8.26
6882582,b1841,5.08
6881775,b0976,0.026
6880904,b0022,0.041
6881740,b0940,0.057
6883316,b2643,0
6881845,b1054,0.757
6883927,b3334,0.307
6881809,b1011,0.004
6883521,b2881,2.67
6883094,b2409,1.35
6884959,b4536,11.3
6883200,b2515,123
6882304,b1553,0.116
6882071,b1293,0.594
6882113,b1336,0.012
6884370,b3818,0.045
6881776,b0977,0.003
6884663,b4141,0.051
6884090,b3508,0.628
6884195,b3616,66.5
6883917,b3324,0
6882233,b1476,0.19
6882514,b1773,0.831
6881459,b0634,0.501
6881741,b0941,0
6881121,b0261,9.87
6882583,b1842,8.1
6881830,b1038,48.6
6883266,b2581,148
6881924,b1133,45.9
6884102,b3520,0.002
6884075,b3492,2.38
6883268,b2583,0.081
6884810,b4309,0.394
6881703,b0903,2656
6884543,b4016,7.76
6882001,b1218,10.9
6884379,b3827,0
6883988,b3397,36.0
6881058,b0182,22.5
6883223,b2538,0.001
6883447,b2794,46.8
6881591,b0790,3.12
6882393,b1648,4.12
6883635,b3013,0.361
6883026,b2327,0.02
6883271,b2586,0
6881831,b1039,2.22
6882860,b2155,156
6881644,b0843,0
6882313,b1562,0
6882197,b1434,1.62
6884859,b4363,0
6882250,b1493,446
6884826,b4325,0
6881467,b0642,335
6880894,b0010,0
6880954,b0074,912
6883007,b2308,6.0
6884077,b3494,3.47
6882861,b2156,2.94
6881722,b0922,14.6
6881442,b0615,0.178
6884130,b3550,0.091
6883050,b2357,0.011
6882567,b1826,0
6883863,b3260,0.631
6884911,b4461,4.32
6881192,b0342,2.45
6883107,b2422,38.9
6881772,b0973,15.5
6881866,b1075,2.67
6881018,b0141,0
6884958,b4535,0
6883018,b2319,78.0
6883767,b3158,0.892
6883974,b3383,0.304
6882374,b1629,4.72
6884396,b3847,257
6881419,b0591,0.653
6883750,b3141,0.001
6883516,b2876,0.388
6883186,b2501,36.3
6883411,b2756,0.05
6881615,b0814,381
6882481,b1740,342
6882297,b1545,0.073
6882941,b2242,22.3
6883492,b2842,3.47
6884744,b4227,329
6884275,b3703,528
6882264,b1511,20.9
6881104,b0240,140
6884862,b4366,0.089
6880976,b0097,0.367
6882351,b1606,0.987
6881898,b1107,20.3
6884693,b4174,183
6884746,b4231,0
6881232,b0387,26.7
6883187,b2502,19.1
6881612,b0811,2316
6882736,b2020,174
6881868,b1077,1.58
6881953,b1167,0
6883216,b2531,348
6882951,b2252,34.7
6881549,b0741,271
6883979,b3388,126
6883466,b2813,5.9
6883188,b2503,0.087
6881132,b0274,0.002
6883531,b2893,96.9
6884237,b3659,0.312
6884263,b3688,15.6
6882212,b1450,4.31
6882636,b1895,6.27
6882221,b1462,41.0
6884377,b3825,5.77
6884625,b4100,0
6880944,b0064,3.33
6882170,b1403,0.191
6884044,b3459,10.7
6883722,b3105,15.2
6883791,b3184,0.003
6881112,b0249,0
6883436,b2783,0.157
6883079,b2387,2.51
6882332,b1587,0.447
6883931,b3338,0.082
6881429,b0601,0.025
6881117,b0254,0.166
6884528,b3997,59.7
6883027,b2328,6.52
6882604,b1863,2.5
6884480,b3939,125
6881865,b1074,0.169
6884545,b4018,1.22
6882744,b2028,9.12
6883799,b3192,424
6883325,b2663,0.776
6881984,b1201,0.148
6884061,b3476,2.17
6884756,b4242,5.3
6883051,b2359,0
6881205,b0355,1.92
6882020,b1242,0.038
6884393,b3844,65.3
6884558,b4031,0.009
6882176,b1410,0.035
6883024,b2325,46.7
6883709,b3092,229
6882510,b1769,0
6884680,b4158,0
6883038,b2341,17.7
6882715,b1996,0.148
6881721,b0921,1.07
6883356,b2701,6.6
6882676,b1945,19.2
6884431,b3888,68.0
6883331,b2669,419
6882670,b1939,24.9
6882147,b1379,11.7
6882144,b1376,888
6881597,b0796,2.05
6882863,b2158,0.152
6881909,b1118,3.1
6881531,b0722,192
6883299,b2622,0.063
6883235,b2550,0.002
6883479,b2829,23.5
6884484,b3943,0.415
6883798,b3191,174
6884807,b4305,98.2
6881383,b0551,5.39
6882327,b1582,0
6881053,b0177,136
6881193,b0343,1.36
6884284,b3712,0.629
6883219,b2534,0.001
6882956,b2257,0.004
6882671,b1940,0.734
6884274,b3702,16.9
6884158,b3578,0.093
6882650,b1915,11.1
6882795,b2080,795
6884686,b4167,12.7
6883295,b2617,263
6883578,b2945,0.002
6881603,b0802,4.01
6883776,b3167,378
6880920,b0038,0.151
6881147,b0291,0.324
6884239,b3661,165
6881931,b1140,0.037
6881691,b0891,268
6883172,b2487,0.16
6881013,b0136,0
6882829,b2121,0.717
6882405,b1660,0.212
6883070,b2378,0.446
6881551,b0750,14.5
6884157,b3577,0
6882536,b1795,0
6882783,b2068,2.63
6882142,b1374,1.33
6884723,b4204,0.002
6881424,b0596,49.7
6884928,b4479,6.91
6883719,b3102,143
6884272,b3700,0.676
6881188,b0338,0.113
6882488,b1747,0.458
6884517,b3986,4683
6884318,b3746,9.87
6881656,b0855,15.2
6882069,b1291,0.951
6881128,b0270,0.325
6884673,b4151,1.39
6883249,b2564,87.2
6883291,b2611,2.91
6882696,b1969,4.04
6882708,b1987,0.498
6884076,b3493,19.8
6883525,b2887,0.281
6883990,b3399,3.71
6882803,b2092,288
6883698,b3081,12.3
6883794,b3187,26.5
6882837,b2130,0.064
6882763,b2048,5.12
6883895,b3302,1971
6882272,b1519,40.7
6884885,b4392,61.5
6883445,b2792,11.1
6883309,b2632,0
6883985,b3394,3.07
6884425,b3882,1.28
6884458,b3917,11.7
6884537,b4006,233
6882443,b1700,0
6883851,b3247,12.9
6881962,b1179,107
6884595,b4069,946
6884012,b3423,18.1
6883110,b2425,629
6882258,b1501,0.767
6883312,b2635,0
6882473,b1732,469
6883353,b2698,2.09
6884618,b4093,6.34
6883302,b2625,0.232
6881674,b0873,1.8
6883823,b3216,0.003
6883487,b2837,1.51
6884926,b4477,0.331
6883198,b2513,233
6881944,b1158,0.065
6882853,b2148,2.37
6881843,b1051,378
6881250,b0407,749
6881397,b0569,0.969
6882825,b2114,269
6884106,b3524,17.7
6883339,b2677,16.3
6884271,b3699,190
6881338,b0496,0.771
6884687,b4168,119
6883721,b3104,0.023
6882386,b1641,696
6882610,b1869,2.28
6884354,b3795,1.86
6884554,b4027,0
6883506,b2866,0.67
6881444,b0617,0.991
6881715,b0915,0.354
6883963,b3370,0
6882974,b2275,0
6881178,b0327,0
6884659,b4137,28.0
6880892,b0008,1591
6882128,b1351,0.026
6881684,b0884,1132
6883729,b3116,1.91
6881449,b0622,0.179
6883809,b3202,27.7
6884206,b3627,0.684
6883106,b2421,83.8
6884749,b4234,226
6881131,b0273,10.5
6884226,b3647,0.015
6881781,b0982,2.34
6882848,b2143,304
6883842,b3236,4096
6882062,b1284,59.9
6882035,b1257,472
6882668,b1937,0.011
6883866,b3263,0
6882841,b2134,2.77
6882551,b1810,0.117
6880974,b0095,887
6884435,b3892,3.85
6882976,b2277,1.98
6883212,b2527,50.1
6880971,b0092,27.9
6882056,b1278,0.699
6883682,b3064,8.14
6883865,b3262,0.447
6883096,b2411,31.0
6881960,b1177,26.1
6882507,b1766,3.19
6884767,b4255,392
6882605,b1864,283
6880927,b0045,0.03
6882812,b2101,1.23
6883126,b2441,4.78
6882482,b1741,0.025
6883465,b2812,3.0
6882741,b2025,93.3
6881882,b1091,336
6883347,b2687,2276
6883912,b3319,1215
6882522,b1781,1.52
6882092,b1314,1.32
6882716,b1997,0.191
6883947,b3354,7.91
6882982,b2283,195
6882881,b2176,2.81
6881622,b0821,9.49
6881226,b0381,44.1
6882609,b1868,0.44
6883576,b2943,0.926
6882975,b2276,5.63
6881389,b0558,0
6883083,b2392,27.6
6882166,b1398,1.13
6882423,b1680,57.6
6883242,b2557,223
6884870,b4377,5.55
6883493,b2843,1.25
6883500,b2851,0.003
6883449,b2796,68.9
6882572,b1831,197
6881883,b1092,682
6882186,b1422,78.2
6881572,b0771,0.215
6881835,b1043,110
6884033,b3448,169
6881988,b1205,23.4
6881961,b1178,96.8
6881348,b0511,0
6883793,b3186,824
6880981,b0103,8.53
6881217,b0369,110
6882575,b1834,2.5
6884056,b3471,0.027
6880887,b0003,76.3
6884589,b4063,3.1
6882038,b1260,561
6883527,b2889,4.23
6882125,b1348,0
6882816,b2105,25.9
6883789,b3182,2.97
6883594,b2961,1.81
6881690,b0890,8.66
6883151,b2466,0.721
6884086,b3503,4.45
6881538,b0730,2.57
6881744,b0944,0.005
6883065,b2373,0.793
6883197,b2512,161
6881431,b0603,0.199
6883536,b2898,325
6882644,b1906,0.018
6882939,b2240,21.5
6881856,b1065,0
6882709,b1988,0
6881925,b1134,10.2
6884863,b4367,11.1
6884724,b4206,67.8
6884010,b3421,0.029
6881210,b0361,0.148
6882590,b1849,135
6882895,b2193,34.2
6883835,b3229,543
6882669,b1938,6.9
6882694,b1967,483
6884737,b4219,265
6883893,b3300,60.2
6883655,b3035,146
6884922,b4473,0.252
6884524,b3993,188
6881481,b0656,0.26
6884141,b3561,0.022
6882545,b1804,2.52
6883181,b2496,5.24
6884397,b3848,2.64
6883058,b2366,7.95
6882085,b1307,4.13
6881609,b0808,0.256
6880966,b0087,5.52
6881812,b1014,18.3
6881400,b0572,68.0
6884013,b3424,0.503
6884267,b3693,0.301
6881468,b0643,468
6884166,b3586,0.511
6882454,b1711,0
6881300,b0458,36.6
6883712,b3095,3.4
6881595,b0794,1.21
6882824,b2113,63.6
6881017,b0140,0.046
6883599,b2966,0.008
6882177,b1411,0
6883880,b3287,185
6884021,b3433,734
6882558,b1817,1114
6881951,b1165,1.54
6882208,b1446,232
6881142,b0286,0.023
6881302,b0460,54.9
6880906,b0024,0
6883009,b2310,2194
6883657,b3038,13.0
6883818,b3211,0.063
6883204,b2519,0.001
6882185,b1421,55.6
6881629,b0828,8.89
6881745,b0945,80.3
6883327,b2665,3579
6881148,b0292,1.09
6883567,b2933,0.165
6884784,b4277,0
6884490,b3950,7.88
6883484,b2834,120
6884513,b3982,1090
6882633,b1892,3.23
6881096,b0228,1.52
6884753,b4239,10.6
6882307,b1556,0.014
6884041,b3456,2.79
6882450,b1707,0.054
6883885,b3292,5.5
6882553,b1812,1.67
6883556,b2920,0.352
6881667,b0866,130
6882449,b1706,6.47
6882776,b2061,0
6881129,b0271,0.709
6883595,b2962,1452
6881277,b0434,252
6882209,b1447,0.038
6881902,b1111,4.8
6881958,b1175,581
6884429,b3886,0.132
6882847,b2142,0.175
6881022,b0145,365
6882526,b1785,0.002
6881006,b0129,0.033
6883121,b2436,6.17
6883662,b3043,0
6883483,b2833,79.1
6884919,b4470,0.057
6881978,b1195,0.118
6883619,b2993,9.18
6881441,b0614,0.006
6883616,b2990,0.094
6882404,b1659,0.917
6883152,b2467,11.7
6882285,b1532,0
6881589,b0788,0.014
6884592,b4066,0.06
6883491,b2841,0.292
6882930,b2230,1.39
6882425,b1682,78.1
6884692,b4173,57.0
6880933,b0051,70.0
6882556,b1815,0.568
6881555,b0754,440
6882856,b2151,0.481
6883387,b2732,0.051
6884321,b3749,3.87
6884794,b4292,1.09
6884704,b4185,0
6884126,b3546,2.63
6884337,b3775,291
6880965,b0086,22.9
6883213,b2528,48.9
6880951,b0071,629
6882646,b1908,204
6884165,b3585,0.213
6881857,b1066,15.4
6883409,b2754,0
6884519,b3988,547
6884303,b3731,573
6882046,b1268,0.068
6881240,b0397,1.92
6880901,b0019,3.98
6883229,b2544,0.151
6884556,b4029,0.009
6880996,b0119,42.6
6880977,b0098,195
6884666,b4144,255
6884739,b4221,2.02
6881839,b1047,4.43
6884606,b4080,0.115
6883222,b2537,0.198
6883868,b3265,4.52
6881269,b0426,767
6882311,b1560,0
6881153,b0298,0.235
6883596,b2963,3.9
6884759,b4245,1228
6884570,b4044,0.836
6881245,b0402,0.597
6884786,b4279,0.055
6883499,b2849,0
6883019,b2320,158
6884504,b3964,0
6883155,b2470,0.284
6882456,b1713,199
6884720,b4201,1.76
6884823,b4322,139
6883320,b2647,0.052
6882413,b1670,0
6882155,b1387,0.023
6881367,b0531,0.496
6881189,b0339,0.228
6881836,b1044,0
6882804,b2093,4687
6881283,b0440,3812
6881900,b1109,165
6883725,b3110,0.254
6882006,b1223,1.41
6881540,b0732,0.424
6882362,b1617,1.65
6882821,b2110,0.188
6884314,b3742,134
6883437,b2784,20.7
6883075,b2383,0.031
6883582,b2949,9.27
6882123,b1346,0
6883011,b2312,67.7
6882333,b1588,0.511
6884254,b3676,3.64
6884499,b3959,124
6881593,b0792,1.22
6884502,b3962,172
6884915,b4466,0.159
6881841,b1049,23.3
6883220,b2535,1.02
6882194,b1431,563
6881751,b0951,14.4
6880952,b0072,367
6882912,b2210,1.0
6883418,b2763,253
6883240,b2555,2.59
6883605,b2977,213
6882577,b1836,499
6884550,b4023,37.1
6884214,b3635,1.07
6881914,b1123,528
6881337,b0495,6.49
6881998,b1215,700
6883627,b3003,133
6883732,b3119,0
6881152,b0296,188
6881972,b1189,75.0
6880938,b0058,6.43
6884516,b3985,1165
6882296,b1544,2.59
6882467,b1726,6.77
6884403,b3859,2.02
6882851,b2146,4.71
6881665,b0864,103
6883461,b2808,7.88
6883978,b3387,5.94
6883653,b3033,0.005
6883814,b3207,0.972
6883205,b2520,9.25
6882722,b2005,0.621
6882868,b2163,0.106
6884428,b3885,86.9
6883706,b3089,32.2
6883538,b2900,228
6884294,b3722,0.252
6882427,b1684,38.3
6882458,b1715,0
6882603,b1862,0.124
6883136,b2451,0.521
6881675,b0874,0.049
6882759,b2044,0.142
6881402,b0574,63.2
6882210,b1448,14.7
6882024,b1246,27.7
6884228,b3649,1274
6883321,b2659,9.95
6881254,b0411,100
6882850,b2145,0.049
6883854,b3250,10.9
6881098,b0232,1.25
6882509,b1768,65.2
6882596,b1855,12.8
6883920,b3327,0.152
6881103,b0239,28.2
6884466,b3925,8.22
6883040,b2343,61.7
6881896,b1105,120
6883260,b2575,1.91
6883410,b2755,1.2
6882720,b2003,0
6881566,b0765,15.1
6881871,b1080,0.327
6882095,b1317,0.032
6881973,b1190,26.6
6884597,b4071,1.43
6881797,b0998,0
6882240,b1483,0.288
6882384,b1639,11.2
6881739,b0939,0.034
6880900,b0018,0
6884036,b3451,0.008
6881879,b1088,68.2
6883908,b3315,2706
6881631,b0830,188
6883362,b2707,3.33
6884615,b4089,3.79
6881090,b0222,638
6881820,b1024,0.523
6882286,b1533,0
6884611,b4085,0.756
6883743,b3132,8.44
6880980,b0102,47.6
6882948,b2249,15.1
6881346,b0508,9.58
6884115,b3533,0.095
6883207,b2522,2.4
6883319,b2646,0
6884945,b4515,0
6882205,b1443,0.046
6881231,b0386,218
6881680,b0879,2.17
6882952,b2253,87.0
6884296,b3724,54.6
6884809,b4307,0
6881818,b1022,0.032
6881533,b0724,466
6883272,b2587,41.5
6882350,b1605,1.96
6883350,b2690,14.1
6884653,b4130,0
6884112,b3530,1.01
6884039,b3454,64.7
6882345,b1600,0
6881484,b0659,47.8
6884081,b3498,236
6881168,b0316,0.058
6882662,b1927,23.7
6884448,b3905,0.117
6882809,b2098,0.209
6883360,b2705,0.269
6883297,b2619,3.24
6882770,b2055,0
6881660,b0859,0.162
6881798,b0999,25.8
6881082,b0212,203
6881329,b0487,5.5
6882570,b1829,45.3
6882996,b2297,445
6882718,b2001,0.393
6882492,b1751,0.736
6882293,b1540,4.31
6881810,b1012,0.021
6884799,b4297,1.03
6881712,b0912,1129
6884450,b3907,0
6881876,b1085,0.004
6880888,b0004,530
6883703,b3086,0.621
6882224,b1465,0.588
6882919,b2217,469
6883663,b3044,0.191
6882082,b1304,609
6883080,b2388,163
6884829,b4328,23.1
6881947,b1161,0.005
6884419,b3876,0.001
6882625,b1884,3.26
6882787,b2072,0.004
6880979,b0101,11.9
6884679,b4157,0
6882002,b1219,671
6883544,b2906,16.9
6884369,b3817,0.697
6884925,b4476,0.045
6883509,b2869,3.7
6883692,b3075,1.25
6882578,b1837,0
6881661,b0860,311
6882632,b1891,0.255
6883284,b2604,0.685
6881162,b0310,0.042
6883518,b2878,2.87
6884576,b4050,0.006
6884656,b4133,0.299
6881557,b0756,225
6881786,b0987,0
6883439,b2786,2.11
6883403,b2748,2.42
6882692,b1962,2.22
6882111,b1334,116
6881728,b0928,953
6883406,b2751,156
6884259,b3684,0.002
6884738,b4220,8.01
6883283,b2603,0.522
6881501,b0687,110
6882599,b1858,9.16
6881292,b0449,1.54
6883300,b2623,1.39
6884838,b4337,0.234
6883335,b2673,16.3
6882820,b2109,0.002
6882616,b1875,15.0
6884889,b4396,107
6881411,b0583,0.212
6883808,b3201,172
6880990,b0113,9.89
6884290,b3718,0.813
6884577,b4051,417
6884700,b4181,0
6884131,b3551,11.5
6884708,b4189,23.4
6882788,b2073,0.067
6884135,b3555,0.179
6881033,b0156,178
6881915,b1124,19.7
6882680,b1949,0
6881999,b1216,1.43
6884368,b3816,78.4
6882138,b1365,0.013
6884451,b3908,4237
6883539,b2901,150
6884975,b4558,62.3
6884779,b4267,0.053
6884001,b3410,5.88
6883279,b2599,242
6881200,b0350,0.113
6883407,b2752,110
6881326,b0484,63.3
6882060,b1282,5.64
6884171,b3591,7.89
6884147,b3567,0.269
6884917,b4468,1.75
6883769,b3160,9.92
6884175,b3596,0
6881364,b0528,274
6881051,b0175,0.51
6881118,b0256,0.846
6881759,b0959,0.089
6883606,b2979,1.05
6884748,b4233,47.1
6884159,b3579,0.105
6884382,b3830,206
6881330,b0488,3.13
6882781,b2066,49.5
6882109,b1332,0
6883141,b2456,0
6883800,b3193,24.6
6882569,b1828,1.15
6884043,b3458,318
6882084,b1306,12.0
6884684,b4162,146
6882485,b1744,1.13
6882503,b1762,0.001
6881851,b1060,0
6880964,b0085,61.7
6883343,b2683,0
6881654,b0853,2.15
6884216,b3637,1940
6882944,b2245,0.969
6882997,b2298,0.044
6884424,b3881,0.829
6883959,b3366,0.013
6881036,b0159,125
6881265,b0422,106
6882457,b1714,439
6883481,b2831,1.19
6884487,b3946,1.55
6883428,b2775,0.219
6882320,b1571,0.1
6881352,b0515,16.1
6883960,b3367,0.526
6882283,b1530,3.32
6883593,b2960,101
6883100,b2415,1399
6883028,b2329,68.1
6884017,b3429,211
6884279,b3707,0
6882301,b1550,665
6882137,b1363,0
6884105,b3523,71.2
6882499,b1758,0.184
6884305,b3733,783
6882738,b2022,133
6881111,b0248,0
6881182,b0331,86.2
6881743,b0943,0
6881023,b0146,1.56
6882589,b1848,37.9
6884846,b4350,10.2
6882971,b2272,0.308
6883494,b2844,6.54
6880889,b0005,0
6883434,b2781,3.66
6884026,b3440,71.5
6883699,b3082,3.28
6884974,b4557,2.38
6883036,b2339,0
6883422,b2767,0
6884351,b3792,0.026
6883545,b2907,4.84
6883833,b3227,0.013
6884988,b4595,9.01
6882126,b1349,0.34
6881996,b1213,0.181
6882087,b1309,0.151
6882253,b1496,0.7
6881948,b1162,4.64
6883864,b3261,140
6883672,b3054,37.5
6881547,b0739,10.7
6881309,b0467,1.53
6882331,b1586,158
6883609,b2983,3.72
6882793,b2078,1.19
6884199,b3620,4.2
6882451,b1708,1.18
6882613,b1872,2.5
6883469,b2819,2.72
6881247,b0404,1.76
6884847,b4351,6.49
6882761,b2046,0.006
6882960,b2261,3.87
6884167,b3587,0.041
6881016,b0139,0.872
6882914,b2212,2.77
6884702,b4183,0.071
6880960,b0081,8.95
6882330,b1585,1.0
6883508,b2868,0.886
6884049,b3464,183
6880984,b0107,0.189
6882256,b1499,0
6883008,b2309,602
6884287,b3715,0.143
6882045,b1267,232
6881285,b0442,0.007
6884096,b3514,2.04
6884183,b3604,0.03
6881194,b0344,18.5
6883737,b3126,3.08
6883001,b2302,51.8
6884327,b3755,22.5
6883184,b2499,162
6883533,b2895,17.2
6881278,b0435,218
6884898,b4407,22.4
6883825,b3219,0
6883986,b3395,0.231
6882245,b1488,0.456
6881869,b1078,3.63
6884852,b4356,0.001
6884392,b3843,38.4
6883340,b2678,7.51
6882719,b2002,0
6884301,b3729,215
6884712,b4193,0
6881207,b0357,116
6883850,b3244,84.3
6882681,b1950,0
6880893,b0009,56.7
6881955,b1171,10.1
6883618,b2992,0.35
6883543,b2905,76.3
6884295,b3723,0.401
6881671,b0870,107
6884121,b3540,40.6
6881788,b0989,0.015
6881780,b0981,6.09
6884672,b4150,3.27
6883419,b2764,163
6882710,b1990,36.4
6882171,b1404,0.846
6884221,b3642,4.97
6882728,b2012,16.9
6882216,b1454,2.14
6881159,b0306,1.06
6883072,b2380,0.603
6883330,b2668,39.8
6883474,b2824,0
6883359,b2704,2.69
6884289,b3717,0.004
6882906,b2204,0.032
6882928,b2226,0.094
6882909,b2207,0.233
6882235,b1478,160
6880899,b0016,0.16
6882588,b1847,285
6882430,b1687,54.8
6884446,b3903,0.002
6883056,b2364,0.205
6882397,b1652,6.25
6883608,b2982,0.26
6881502,b0688,329
6881929,b1138,0.439
6884444,b3901,0
6882879,b2174,0.798
6881408,b0580,0
6881887,b1096,6.39
6884407,b3863,151
6883857,b3253,315
6884224,b3645,0.162
6882252,b1495,2.23
6882065,b1287,3.56
6884313,b3741,18.9
6881601,b0800,156
6883458,b2805,17.8
6883118,b2433,0
6883597,b2964,9.62
6884650,b4127,26.6
6884280,b3708,784
6884378,b3826,20.9
6882799,b2086,37.2
6884470,b3929,313
6884503,b3963,34.9
6881765,b0965,391
6881901,b1110,4.23
6883112,b2427,0.445
6881516,b0707,5.88
6883285,b2605,0.031
6881673,b0872,0.65
6884426,b3883,0.027
6882094,b1316,0.244
6883883,b3290,8.81
6881130,b0272,5.29
6881552,b0751,2.27
6881584,b0783,124
6884688,b4169,1.11
6883286,b2606,1296
6883778,b3169,580
6883416,b2761,0.12
6883332,b2670,3.09
6881705,b0905,9.95
6882444,b1701,0.676
6881873,b1082,55.4
6884512,b3981,27.3
6884548,b4021,83.8
6882798,b2085,17.7
6881354,b0517,0.232
6883158,b2473,23.8
6881702,b0902,56.1
6882836,b2129,4.68
6882408,b1663,11.7
6881093,b0225,0.427
6882513,b1772,0.043
6881046,b0170,2587
6882476,b1735,1.02
6884658,b4136,0.776
6884329,b3765,0
6884567,b4041,95.1
6882794,b2079,38.4
6881642,b0841,0.127
6881886,b1095,169
6882880,b2175,4.14
6881257,b0414,42.0
6881621,b0820,60.3
6884527,b3996,11.5
6882016,b1236,330
6881987,b1204,42.4
6881081,b0211,0.586
6883966,b3375,2.95
6883570,b2936,41.0
6881636,b0835,11.9
6882054,b1276,304
6882842,b2135,3.36
6884276,b3704,21.2
6882563,b1822,4.93
6882050,b1272,70.9
6882702,b1976,62.4
6881172,b0320,0.304
6884731,b4213,79.9
6883870,b3267,0
6883488,b2838,15.7
6884773,b4261,21.1
6882727,b2011,7.87
6881184,b0334,122
6882277,b1524,1.88
6884676,b4154,124
6882768,b2053,3.75
6882325,b1580,11.7
6880987,b0110,24.2
6883323,b2661,242
6882102,b1325,25.4
6882864,b2159,12.1
6882834,b2127,6.02
6884523,b3992,29.1
6880928,b0046,15.9
6883834,b3228,200
6883092,b2407,0.201
6881266,b0423,22.6
6882988,b2289,15.3
6884468,b3927,12.5
6881537,b0729,1478
6882222,b1463,0.062
6884433,b3890,0.003
6884255,b3677,19.3
6882080,b1302,0.427
6881760,b0960,1.33
6883661,b3042,265
6884585,b4059,356
6884703,b4184,0
6884414,b3871,247
6882959,b2260,0.503
6884062,b3477,0.005
6883054,b2362,0.012
6883304,b2627,0.649
6883757,b3148,0.538
6881024,b0147,3.79
6883995,b3404,1.07
6883761,b3152,15.2
6883751,b3142,0.005
6883456,b2803,3.27
6881616,b0815,1.25
6881991,b1208,17.5
6884675,b4153,182
6882561,b1820,1.65
6884244,b3666,0.725
6881598,b0797,7.71
6884725,b4207,514
6881448,b0621,1.25
6882958,b2259,44.9
6881097,b0231,0.13
6883049,b2354,0.04
6882660,b1925,4.57
6884596,b4070,5.95
6882830,b2123,0.19
6884208,b3629,0.799
6883417,b2762,138
6884185,b3606,5.0
6883334,b2672,199
6882380,b1635,619
6881430,b0602,0.587
6881608,b0807,11.1
6881838,b1046,3.35
6884856,b4360,56.5
6881145,b0289,0.353
6884140,b3560,268
6883571,b2937,191
6882729,b2013,0.075
6883580,b2947,129
6884600,b4074,0.044
6882852,b2147,7.4
6884966,b4546,0.303
6881191,b0341,0.552
6882884,b2179,1.23
6884252,b3674,1.98
6884914,b4465,0
6882033,b1255,20.2
6884539,b4012,2.1
6882189,b1426,367
6880973,b0094,87.9
6882195,b1432,0.002
6881291,b0448,1.94
6884481,b3940,45.0
6883549,b2912,4.31
6884609,b4083,0.141
6880941,b0061,0.015
6884755,b4241,2.16
6884005,b3414,514
6883524,b2886,0.014
6884612,b4086,0.009
6883066,b2374,0.237
6882022,b1244,21.3
6881795,b0996,0.083
6880896,b0013,0.003
6883681,b3063,0.522
6882832,b2125,4.59
6884563,b4036,99.0
6884173,b3593,0.476
6882281,b1528,0.064
6881195,b0345,5.67
6883535,b2897,58.1
6883896,b3303,4349
6884339,b3779,9.27
6881605,b0804,29.5
6884045,b3460,2895
6883385,b2730,1.46
6883133,b2448,0
6883716,b3099,60.6
6884219,b3640,115
6881515,b0706,1.42
6882661,b1926,0
6883380,b2725,0.586
6882052,b1274,89.1
6881091,b0223,9.41
6882151,b1383,4.26
6881733,b0933,0.194
6883882,b3289,24.7
6882813,b2102,0.046
6884971,b4553,0
6882523,b1782,71.4
6881169,b0317,0
6882154,b1386,0.074
6882911,b2209,19.6
6882322,b1573,0.014
6884647,b4124,5.05
6884640,b4117,1.11
6883405,b2750,15.6
6883803,b3196,0.873
6883523,b2883,0.966
6882721,b2004,0
6881983,b1200,270
6881176,b0325,943
6881021,b0144,2.76
6881606,b0805,44.6
6881465,b0640,1.28
6883969,b3378,11.0
6881089,b0221,50.7
6880975,b0096,29.5
6881393,b0565,432
6884031,b3446,0
6882566,b1825,4.73
6881827,b1035,159
6883145,b2460,0.777
6880962,b0083,2.55
6884508,b3972,28.4
6882999,b2300,94.8
6881048,b0172,876
6883765,b3156,232
6883810,b3203,3322
6881305,b0463,181
6883984,b3393,0
6884073,b3488,0.616
6882797,b2082,0
6883962,b3369,0
6882857,b2152,0.104
6883822,b3215,0.017
6881186,b0336,3.47
6882230,b1473,0
6881989,b1206,1.41
6881628,b0827,73.6
6881161,b0308,4.08
6884304,b3732,2184
6882554,b1813,6.85
6881917,b1126,50.1
6882273,b1520,3.95
6881708,b0908,131
6881146,b0290,2.59
6881585,b0784,36.1
6884233,b3654,0.135
6881127,b0269,1.36
6882942,b2243,11.4
6882462,b1719,397
6884553,b4026,0
6884240,b3662,0.005
6882192,b1429,1.44
6883626,b3002,13.7
6882983,b2284,83.0
6883704,b3087,101
6882623,b1882,379
6884362,b3807,88.4
6880995,b0118,1383
6884614,b4088,32.4
6882771,b2056,0.367
6883667,b3049,13.6
6882707,b1985,1.0
6882993,b2294,480
6884635,b4112,1.72
6882058,b1280,12.2
6883067,b2375,0.198
6884406,b3862,0.943
6881824,b1029,0
6881974,b1191,7.86
6882845,b2140,1.2
6882685,b1955,139
6884942,b4511,19.5
6881891,b1100,13.4
6884098,b3516,0.012
6882447,b1704,19.2
6881954,b1168,0.007
6884657,b4135,187
6882907,b2205,0.048
6881026,b0149,14.2
6883451,b2798,7.58
6881433,b0605,2892
6884317,b3745,5.91
6884312,b3740,17.4
6884977,b4565,151
6882015,b1235,4.79
6883046,b2350,0.015
6882767,b2052,4.29
6884436,b3893,10.3
6884416,b3873,8.46
6883989,b3398,3.17
6883903,b3310,1770
6884270,b3698,201
6883994,b3403,846
6883650,b3030,5.54
6884009,b3418,51.6
6883182,b2497,14.0
6882779,b2064,8.33
6882415,b1672,0.096
6884743,b4226,1335
6881755,b0955,3.43
6884423,b3880,0.005
6881952,b1166,0
6882044,b1266,5.22
6882172,b1406,337
6883369,b2714,1.82
6883017,b2318,3.48
6881846,b1055,9.41
6883087,b2398,0.273
6883485,b2835,0.104
6884599,b4073,0.812
6881086,b0217,0.211
6884873,b4380,1.76
6882547,b1806,16.8
6883023,b2324,3.26
6883433,b2780,132
6882298,b1546,0.045
6882870,b2165,5.11
6883718,b3101,1.1
6882518,b1777,38.6
6884912,b4463,0.212
6881255,b0412,5.24
6881288,b0445,0.816
6880916,b0034,0
6882099,b1322,10.7
6880937,b0055,13.7
6882827,b2119,0.67
6882041,b1263,225
6883598,b2965,4.11
6881391,b0560,0
6884907,b4428,0
6882711,b1991,3.67
6884202,b3623,16.0
6883638,b3018,10.8
6884412,b3869,17.4
6883874,b3279,128
6881333,b0491,3.14
6881899,b1108,346
6882136,b1360,1.05
6884088,b3506,217
6884533,b4002,68.8
6882769,b2054,0.013
6881092,b0224,1.18
6884641,b4118,0.451
6881029,b0152,0.473
6880955,b0075,0
6883071,b2379,25.4
6882369,b1624,51.7
6883203,b2518,2590
6882885,b2180,1.71
6883992,b3401,200
6884345,b3786,14.3
6882924,b2222,4.12
6882338,b1593,34.4
6882068,b1290,3.59
6883922,b3329,0.082
6883624,b2998,5.72
6883348,b2688,48.5
6883696,b3079,0
6881015,b0138,3.57
6884613,b4087,1.07
6881313,b0471,1417
6882815,b2104,240
6881049,b0173,1.35
6881893,b1102,12.5
6882403,b1658,198
6884376,b3824,0.057
6883248,b2563,15.3
6883251,b2566,26.0
6884920,b4471,4.72
6884408,b3865,147
6884968,b4548,0
6882168,b1400,25.7
6882627,b1886,274
6883642,b3022,0.83
6883062,b2370,1.48
6882594,b1853,16.9
6882295,b1542,0.499
6884283,b3711,0.163
6881581,b0780,2.12
6881849,b1058,0
6882917,b2215,371
6884149,b3569,0.107
6882782,b2067,0.646
6881374,b0541,0
6884947,b4517,80.8
6884561,b4034,1391
6882382,b1637,204
6882086,b1308,190
6883432,b2779,2567
6882206,b1444,653
6881412,b0584,99.3
6883345,b2685,6.42
6881542,b0734,151
6883448,b2795,38.1
6883688,b3071,38.6
6882089,b1311,0
6884101,b3519,1.72
6884179,b3600,275
6884601,b4075,0
6881420,b0592,34.4
6881664,b0863,640
6882652,b1917,79.2
6884229,b3650,18.6
6883438,b2785,0.739
6882872,b2167,36.8
6883514,b2874,3.85
6883629,b3006,99.6
6881496,b0682,0.008
6882042,b1264,162
6883777,b3168,320
6883717,b3100,21.7
6882435,b1692,0.629
6881001,b0124,50.3
6881541,b0733,316
6884844,b4348,1.93
6882055,b1277,34.1
6884895,b4402,0
6884816,b4315,0.033
6884594,b4068,159
6883935,b3342,570
6883103,b2418,51.7
6882359,b1614,364
6882107,b1330,16.8
6883498,b2848,0
6881735,b0935,0.381
6884579,b4053,11.7
6883400,b2745,23.0
6882560,b1819,286
6884525,b3994,64.4
6884804,b4302,65.9
6882659,b1924,46.7
6883532,b2894,1.39
6883475,b2825,0
6881394,b0566,0.062
6884180,b3601,2.26
6881771,b0972,2.18
6881693,b0893,403
6882631,b1890,13.6
6882438,b1695,0.416
6884742,b4225,0.902
6883173,b2488,0
6881688,b0888,297
6884818,b4317,0.448
6883764,b3155,0.438
6883010,b2311,13.4
6881985,b1202,0.076
6884608,b4082,0.475
6883442,b2789,1.55
6882970,b2271,0.176
6884261,b3686,54.6
6883314,b2637,0
6882475,b1734,0.111
6882568,b1827,227
6880985,b0108,0
6881657,b0856,0.477
6884197,b3618,4.67
6881068,b0192,8.63
6882018,b1238,22.0
6881742,b0942,0.019
6881659,b0858,0.012
6883273,b2592,544
6884052,b3467,9.94
6883949,b3356,79.5
6884342,b3783,1133
6884752,b4238,12.5
6882214,b1452,247
6882544,b1803,0
6883676,b3058,9.97
6884198,b3619,554
6881357,b0521,0
6881233,b0388,55.8
6882655,b1920,2629
6881289,b0446,0
6882383,b1638,197
6884245,b3667,0.056
6884003,b3412,12.9
6884491,b3951,0.633
6881450,b0623,2209
6881666,b0865,113
6882012,b1232,155
6882498,b1757,25.0
6884716,b4197,0.225
6884604,b4078,0.01
6883804,b3197,46.7
6881261,b0418,2.88
6881837,b1045,118
6881787,b0988,0
6883976,b3385,69.4
6881568,b0767,405
6882040,b1262,136
6881815,b1019,0.344
6884215,b3636,1004
6882645,b1907,0.003
6881306,b0464,0.936
6883649,b3029,331
6880957,b0077,140
6883468,b2818,30.9
6882452,b1709,2.25
6883068,b2376,0
6883641,b3021,4.68
6882143,b1375,2.48
6883987,b3396,4.72
6881800,b1001,2.95
6882688,b1958,6.51
6881275,b0432,142
6881321,b0479,0.535
6882552,b1811,0.155
6882546,b1805,28.5
6883154,b2469,0.115
6883694,b3077,0.003
6883153,b2468,3.79
6881355,b0518,0.014
6881183,b0333,55.4
6882555,b1814,15.5
6884498,b3958,9.43
6881942,b1155,0
6884037,b3452,0
6881405,b0577,4.37
6884445,b3902,0.353
6882135,b1359,0
6881782,b0983,1.37
6884661,b4139,401
6881805,b1007,0
6884575,b4049,32.2
6881470,b0645,0.053
6884163,b3583,0
6882487,b1746,10.4
6882855,b2150,2407
6883586,b2953,7.12
6881558,b0757,85.1
6882370,b1625,22.4
6884054,b3469,15.3
6883916,b3323,0.066
6883296,b2618,6.78
6881340,b0498,0.102
6880994,b0117,0.004
6884066,b3481,52.8
6883021,b2322,0
6884946,b4516,0.014
6883435,b2782,2.75
6881969,b1186,15.1
6881109,b0246,2.91
6881379,b0547,0
6883090,b2405,0.103
6883636,b3014,0.742
6883687,b3070,34.6
6882421,b1678,81.6
6881681,b0880,469
6884070,b3485,0.423
6882287,b1534,0.765
6882480,b1739,567
6881643,b0842,0.432
6881362,b0526,158
6883174,b2489,0.009
6882053,b1275,67.3
6883108,b2423,0.628
6884201,b3622,0.085
6882562,b1821,0.006
6881507,b0695,3.52
6884258,b3680,0.381
6884521,b3990,0.709
6883275,b2594,57.0
6884395,b3846,248
6882784,b2069,2.37
6884581,b4055,55.2
6884514,b3983,1006
6882392,b1647,197
6883787,b3180,580
6883505,b2865,7.64
6884390,b3839,27.2
6882091,b1313,0.131
6881576,b0775,1.13
6883165,b2480,655
6883202,b2517,28.4
6881114,b0251,0.138
6884343,b3784,0.349
6883587,b2954,86.9
6881767,b0967,20.1
6881711,b0911,1667
6883548,b2910,129
6881137,b0280,0.052
6883195,b2510,3.78
6882530,b1789,0
6881564,b0763,262
6884861,b4365,0
6881370,b0534,0
6883162,b2477,208
6884479,b3938,570
6884868,b4375,53.9
6883055,b2363,0
6884266,b3691,0.201
6882418,b1675,28.9
6881510,b0698,0.004
6882703,b1978,0
6884607,b4081,0.208
6881286,b0443,101
6884972,b4554,123
6884913,b4464,0.509
6884251,b3673,0
6883047,b2351,19.2
6881472,b0647,0
6884007,b3416,7.53
6881418,b0590,0.12
6883355,b2700,51.5
6884430,b3887,83.9
6882414,b1671,0.066
6884758,b4244,1598
6882987,b2288,114
6881271,b0428,1.53
6884961,b4539,0
6881062,b0186,5.14
6881223,b0378,3.32
6883875,b3280,9.66
6881043,b0167,18.0
6882564,b1823,4383
6884955,b4529,0
6883287,b2607,11.8
6884649,b4126,12.7
6884035,b3450,45.4
6882129,b1352,0.941
6883674,b3056,14.1
6884645,b4122,23.8
6884335,b3773,1.19
6880969,b0090,15.0
6884808,b4306,0.384
6882357,b1612,241
6882484,b1743,268
6881011,b0134,676
6883105,b2420,0.002
6882275,b1522,0.023
6884853,b4357,0.228
6884188,b3609,2126
6883680,b3062,2.29
6883328,b2666,0
6881413,b0585,14.0
6881149,b0293,0.338
6884319,b3747,0.893
6881376,b0544,0.772
6884582,b4056,26.9
6881190,b0340,0.442
6883060,b2368,0.004
6883357,b2702,0.101
6883790,b3183,182
6883211,b2526,32.2
6881437,b0610,158
6883648,b3028,162
6881307,b0465,3.97
6884848,b4352,34.5
6882479,b1738,83.0
6884093,b3511,70.4
6884332,b3770,135
6882344,b1599,0
6882725,b2009,101
6883853,b3249,0.557
6883574,b2940,0.034
6883749,b3140,0
6881136,b0279,0
6883779,b3170,26.4
6882964,b2265,1.06
6881164,b0312,8.29
6884493,b3953,0.014
6884734,b4216,253
6881214,b0366,0.14
6883993,b3402,0.022
6882178,b1412,141
6881630,b0829,4.97
6882833,b2126,1.02
6883161,b2476,611
6883904,b3311,429
6881066,b0190,4.6
6881005,b0128,0
6881458,b0633,25.3
6882614,b1873,0.375
6884664,b4142,2645
6883180,b2495,129
6881806,b1008,0
6884828,b4327,1.89
6882326,b1581,45.5
6882218,b1457,0.554
6884440,b3897,8.5
6884969,b4550,0
6883871,b3269,0.276
6881072,b0196,41.9
6883731,b3118,8.62
6882343,b1598,1.96
6883278,b2598,0
6884151,b3571,0.296
6884060,b3475,1.53
6882497,b1756,0.928
6881358,b0522,17.4
6884050,b3465,8.75
6883664,b3045,0.148
6882598,b1857,3180
6883124,b2439,21.0
6881002,b0125,193
6884923,b4474,0.144
6882754,b2039,185
6883489,b2839,8.67
6884774,b4262,14.3
6883829,b3223,6.55
6881611,b0810,21.6
6883022,b2323,887
6884741,b4224,0
6881174,b0323,0.014
6883526,b2888,0.621
6881079,b0209,10.2
6880970,b0091,38.9
6884529,b3998,12.6
6882190,b1427,27.8
6884350,b3791,19.6
6881012,b0135,0.002
6884565,b4039,9.02
6881696,b0896,0.579
6882858,b2153,699
6883324,b2662,225
6883772,b3163,22.9
6884083,b3500,83.4
6883622,b2996,4.83
6884622,b4097,20.1
6881407,b0579,43.9
6881028,b0151,15.7
6884886,b4393,210
6883452,b2799,45.4
6884956,b4532,0.021
6884866,b4373,3.45
6881222,b0377,0.829
6884485,b3944,0.065
6881556,b0755,2376
6882193,b1430,165
6883082,b2390,0
6884631,b4108,122
6882025,b1247,21.7
6883264,b2579,846
6881718,b0918,173
6881105,b0241,17.9
6882303,b1552,12.3
6882915,b2213,0.021
6883326,b2664,0.926
6883232,b2547,0.326
6884803,b4301,0.712
6881409,b0581,26.9
6884184,b3605,47.9
6882496,b1755,2.69
6882985,b2286,240
6884932,b4483,3.84
6882407,b1662,142
6883869,b3266,2.77
6882440,b1697,1.81
6881921,b1130,362
6881077,b0207,62.3
6884136,b3556,319
6883873,b3271,0.042
6882584,b1843,0.743
6883628,b3005,117
6881115,b0252,0.208
6884322,b3750,2.51
6882342,b1597,0.036
6881471,b0646,0.015
6884011,b3422,0.82
6884439,b3896,0.205
6881860,b1069,5.21
6882826,b2118,1.03
6883813,b3206,6.02
6882969,b2270,0.061
6884047,b3462,29.3
6884757,b4243,1605
6881445,b0618,0.28
6881140,b0284,0.113
6883726,b3113,34.5
6881567,b0766,8.15
6883923,b3330,0
6883177,b2492,0.155
6882700,b1973,110
6884538,b4011,0.002
6883909,b3316,3113
6884028,b3442,0.369
6883031,b2332,0.001
6881273,b0430,11.9
6881637,b0836,0.381
6883891,b3298,2654
6881734,b0934,0.003
6881260,b0417,34.4
6882684,b1953,85.9
6884674,b4152,25.0
6884302,b3730,72.9
6881905,b1114,27.6
6883179,b2494,56.5
6882429,b1686,22.6
6881804,b1006,0
6883109,b2424,1.01
6882601,b1860,12.4
6884965,b4544,0
6883700,b3083,0.624
6881916,b1125,1.68
6881274,b0431,46.3
6881020,b0143,18.0
6884209,b3630,4.35
6884747,b4232,131
6884371,b3819,0.005
6882249,b1492,120
6883311,b2634,0
6884598,b4072,1.61
6884770,b4258,205
6884652,b4129,133
6883482,b2832,0.169
6881930,b1139,1.13
6883367,b2712,0.577
6881202,b0352,10.1
6881807,b1009,0.039
6880898,b0015,99.6
6883577,b2944,0.644
6883263,b2578,0
6883930,b3337,0
6884123,b3542,3.3
6882160,b1392,0.195
6882742,b2026,58.5
6884636,b4113,47.9
6881994,b1211,15.5
6883134,b2449,1.68
6883955,b3362,192
6883014,b2315,27.2
6883224,b2539,0
6881443,b0616,0.867
6883004,b2305,0.022
6881440,b0613,0.103
6884042,b3457,0.186
6883592,b2959,305
6884145,b3565,1.25
6885000,b4621,0.004
6884638,b4115,0
6884695,b4176,0.01
6883612,b2986,0.002
6884067,b3482,1.64
6884156,b3576,0.608
6881008,b0131,95.5
6881653,b0852,0.592
6881823,b1027,0.235
6884324,b3752,43.8
6881957,b1174,742
6883541,b2903,106
6881045,b0169,2298
6880921,b0039,0.233
6882994,b2295,2.51
6884365,b3811,2.05
6883633,b3011,152
6883555,b2919,1.49
6883135,b2450,70.0
6881647,b0846,1.16
6882778,b2063,4.45
6884297,b3725,74.5
6883280,b2600,276
6881080,b0210,0.107
6884648,b4125,0.172
6882871,b2166,0
6881215,b0367,0.012
6883003,b2304,98.0
6882394,b1649,2.23
6881349,b0512,0.204
6883123,b2438,1.41
6882539,b1798,0.002
6882237,b1480,1475
6882739,b2023,117
6884789,b4287,0.164
6882021,b1243,966
6884952,b4526,2.02
6883101,b2416,1041
6884667,b4145,0.547
6881573,b0772,34.0
6883621,b2995,0.028
6881766,b0966,76.8
6881858,b1067,227
6883269,b2584,33.5
6884620,b4095,0.724
6880991,b0114,1219
6883095,b2410,1.1
6882120,b1343,0.425
6881532,b0723,437
6884030,b3445,0
6882174,b1408,0.004
6883261,b2576,75.0
6882043,b1265,0
6881685,b0885,1.27
6883996,b3405,377
6881095,b0227,10.3
6883938,b3345,29.0
6884668,b4146,1.3
6883566,b2930,0.153
6882280,b1527,0
6883877,b3282,47.2
6884940,b4509,0.009
6883925,b3332,0.002
6883454,b2801,0.013
6881813,b1015,13.0
6884269,b3697,36.3
6881687,b0887,12.8
6880925,b0043,0.946
6884019,b3431,11.6
6881425,b0597,30.3
6883507,b2867,1.41
6884902,b4412,0
6880929,b0047,1.95
6883132,b2447,0.6
6881875,b1084,193
6883077,b2385,0.04
6884701,b4182,0.967
6882506,b1765,241
6882302,b1551,0.007
6884874,b4381,341
6884790,b4288,0.011
6884506,b3966,17.5
6884896,b4403,12.0
6881763,b0963,204
6884182,b3603,0.408
6883573,b2939,0
6884875,b4382,110
6881320,b0478,6.1
6882862,b2157,10.9
6881366,b0530,0
6884361,b3806,7.87
6882626,b1885,31.7
6883753,b3144,0.015
6882908,b2206,1.4
6881683,b0882,121
6883364,b2709,0.293
6883194,b2509,1.6
6882931,b2231,250
6881493,b0679,85.8
6882388,b1643,2.47
6882831,b2124,9.46
6884709,b4190,11.8
6884903,b4415,0.032
6884627,b4102,0.496
6881577,b0776,3.35
6882889,b2184,0.267
6884405,b3861,0.008
6881317,b0475,2.67
6881203,b0353,0
6883819,b3212,184
6884495,b3955,8.39
6883414,b2759,0.335
6883952,b3359,228
6883711,b3094,20.7
6881878,b1087,87.2
6881249,b0406,20.4
6883503,b2860,0.148
6884780,b4268,0.168
6882937,b2237,0.172
6884882,b4389,6.18
6883131,b2446,0.004
6881826,b1034,26.3
6881297,b0454,1.46
6884109,b3527,58.7
6881031,b0154,202
6883770,b3161,26.5
6884793,b4291,6.28
6881588,b0787,0.004
6882191,b1428,0.707
6883928,b3335,0
6884148,b3568,2.78
6882838,b2131,278
6881314,b0472,6.94
6882910,b2208,0
6884103,b3521,0.11
6881487,b0662,44.0
6883349,b2689,0
6884281,b3709,0.54
6881076,b0200,21.3
6881562,b0761,26.3
6883975,b3384,306
6883351,b2696,964
6881870,b1079,57.9
6884104,b3522,3.1
6882664,b1929,11.4
6882717,b2000,279
6884566,b4040,2.59
6882886,b2181,7.27
6882629,b1888,148
6881514,b0704,0.003
6882181,b1415,3357
6883169,b2484,0
6884605,b4079,1.12
6884934,b4485,2.0
6881239,b0396,0.094
6884114,b3532,0.529
6884459,b3918,3.11
6881106,b0242,98.8
6881980,b1197,267
6882932,b2232,55.3
6882773,b2058,0.186
6884170,b3590,25.9
6883967,b3376,0.001
6884937,b4502,0
6881399,b0571,98.8
6883146,b2461,0
6882127,b1350,1.69
6882265,b1512,11.6
6881559,b0758,99.1
6880935,b0053,414
6882300,b1549,2.73
6881714,b0914,27.2
6881863,b1072,0.535
6882314,b1563,15.7
6884637,b4114,0.137
6883575,b2942,809
6884055,b3470,32.3
6884169,b3589,0.219
6882977,b2278,2.18
6884763,b4251,2.87
6884220,b3641,22.5
6883747,b3138,0.277
6884936,b4501,0
6884814,b4313,0.737
6882765,b2050,0.082
6883404,b2749,0
6882207,b1445,0
6883623,b2997,3.37
6880907,b0025,22.2
6883617,b2991,0.002
6882899,b2197,1.26
6882179,b1413,6.79
6884442,b3899,0.618
6883274,b2593,51.2
6883860,b3257,0
6881120,b0260,0.842
6880956,b0076,0
6881494,b0680,268
6880946,b0066,1.56
6883460,b2807,0
6883569,b2935,371
6883601,b2971,0.38
6884360,b3805,18.6
6881610,b0809,173
6884309,b3737,173
6881160,b0307,1.28
6881526,b0717,0
6884381,b3829,923
6882426,b1683,20.6
6883358,b2703,0.529
6883306,b2629,0
6884463,b3922,132
6883980,b3389,106
6884142,b3562,0.036
6882465,b1724,99.0
6884616,b4090,12.1
6883553,b2917,1.25
6884825,b4324,2.3
6881328,b0486,0.138
6884471,b3930,1.96
6881064,b0188,10.2
6884024,b3438,22.5
6881764,b0964,0.554
6884851,b4355,81.8
6882153,b1385,0.314
6883534,b2896,3.37
6882461,b1718,691
6884409,b3866,146
6883937,b3344,16.5
6884004,b3413,0.179
6883375,b2720,0.701
6882801,b2089,0
6883467,b2817,0.959
6882643,b1905,378
6881890,b1099,6.38
6884018,b3430,156
6884821,b4320,0.856
6881888,b1097,5.55
6884884,b4391,443
6882279,b1526,0.536
6881579,b0778,34.6
6884801,b4299,0.419
6881315,b0473,335
6882356,b1611,467
6884373,b3821,13.7
6882581,b1840,0.003
6884518,b3987,626
6883948,b3355,42.5
6882698,b1971,11.1
6884489,b3949,0.998
6882965,b2266,800
6884630,b4107,260
6881401,b0573,109
6882117,b1340,5.54
6884840,b4341,0.006
6884478,b3937,0.004
6884460,b3919,2772
6882877,b2172,1.78
6884841,b4345,1.92
6881997,b1214,0.043
6882922,b2220,1.8
6883234,b2549,0.27
6883170,b2485,0.002
6884454,b3911,3.38
6883142,b2457,14.6
6883061,b2369,31.1
6883393,b2738,0.013
6881986,b1203,178
6881834,b1042,109
6884194,b3615,2.93
6882455,b1712,1971
6880919,b0037,0.073
6883084,b2393,19.8
6883193,b2508,587
6884899,b4409,0
6881720,b0920,3.14
6884334,b3772,12.0
6883758,b3149,21.1
6882169,b1402,0.148
6883473,b2823,0
6883971,b3380,0.005
6884383,b3831,913
6881716,b0916,0.037
6883099,b2414,4429
6883942,b3349,422
6883144,b2459,0.157
6884152,b3572,26.0
6881536,b0728,1278
6884671,b4149,43.5
6883470,b2820,0.752
6881927,b1136,1988
6883519,b2879,2.4
6881462,b0637,83.7
6883983,b3392,0.532
6881179,b0328,0
6881894,b1103,614
6883361,b2706,0.019
6882658,b1923,1101
6882527,b1786,2.09
6884204,b3625,8.91
6883670,b3052,159
6881463,b0638,1.29
6882017,b1237,4436
6881746,b0946,0.586
6884788,b4284,0.846
6884822,b4321,0.035
6881318,b0476,1.37
6881071,b0195,12.6
6883840,b3234,212
6882949,b2250,1.95
6884213,b3634,180
6884948,b4518,142
6884602,b4076,0
6884447,b3904,1.73
6882328,b1583,164
6881125,b0267,0.209
6884467,b3926,372
6881014,b0137,0.011
6884260,b3685,0.599
6881926,b1135,3.88
6881923,b1132,28.4
6881498,b0684,291
6884421,b3878,0.229
6884203,b3624,0.715
6881206,b0356,92.3
6884546,b4019,48.4
6883856,b3252,3.82
6883395,b2740,0.472
6882244,b1487,113
6884347,b3788,3.97
6884677,b4155,2.76
6881582,b0781,1.02
6884867,b4374,1.42
6880936,b0054,45.6
6884155,b3575,0.158
6881596,b0795,11.0
6881963,b1180,47.1
6883221,b2536,0.114
6884438,b3895,1.96
6882242,b1485,0.251
6883002,b2303,136
6884698,b4179,76.0
6882385,b1640,12.9
6883113,b2428,18.9
6883163,b2478,190
6884775,b4263,59.6
6882874,b2169,77.5
6882961,b2262,176
6884662,b4140,2.71
6883137,b2452,0
6884785,b4278,1.43
6882312,b1561,0.553
6882927,b2225,0
6883166,b2481,0
6884888,b4395,68.5
6884139,b3559,399
6883081,b2389,0.005
6883970,b3379,0.843
6884930,b4481,0.667
6884621,b4096,1.29
6881235,b0390,91.7
6884150,b3570,0.066
6881922,b1131,326
6884462,b3921,0
6882372,b1627,0.024
6883513,b2873,0.723
6884979,b4567,0
6884247,b3669,19.3
6881155,b0301,0.01
6881483,b0658,99.5
6884634,b4111,31.1
6882898,b2196,0.323
6884181,b3602,123
6883781,b3173,0.143
6881122,b0262,0.243
6881990,b1207,433
6884125,b3544,1376
6883486,b2836,1.77
6881614,b0813,0.835
6883591,b2958,98.8
6884791,b4289,0.048
6882400,b1655,0.145
6884796,b4294,0.018
6882097,b1320,2.79
6882204,b1442,1.15
6884107,b3525,5.51
6884118,b3537,8.13
6881697,b0897,630
6883344,b2684,99.1
6882602,b1861,28.9
6884877,b4384,1268
6882057,b1279,668
6881920,b1129,3.79
6884941,b4510,0
6884268,b3696,0.002
6883102,b2417,1946
6883858,b3255,169
6883744,b3133,8.26
6882401,b1656,495
6884740,b4222,58.6
6882656,b1921,28.1
6881956,b1172,0.189
6881641,b0840,2.46
6883529,b2891,244
6882158,b1390,1.37
6881529,b0720,654
6882672,b1941,4.6
6883784,b3177,18.0
6881264,b0421,36.0
6882940,b2241,51.5
6884783,b4273,0.148
6882693,b1963,0
6884557,b4030,0.54
6880942,b0062,1.64
6881061,b0185,651
6884456,b3915,2.33
6884422,b3879,0
6882319,b1570,29.8
6882349,b1604,532
6882088,b1310,0.302
6881505,b0693,2.08
6882723,b2007,1093
6884782,b4272,0.191
6881504,b0692,0
6881518,b0709,0.001
6882796,b2081,31.4
6882259,b1502,0
6883748,b3139,0
6881134,b0277,0
6882586,b1845,1.65
6882315,b1564,143
6883826,b3220,0.857
6881150,b0294,0.673
6883878,b3283,0.472
6881635,b0834,0.781
6881267,b0424,98.2
6882585,b1844,1.48
6883933,b3340,1648
6882918,b2216,19.1
6884085,b3502,0
6883637,b3017,2.99
6883911,b3318,337
6883639,b3019,19.5
6884696,b4177,1214
6882335,b1590,0.147
6882600,b1859,0.904
6881861,b1070,90.1
6882116,b1339,0.019
6882437,b1694,1.12
6882766,b2051,0
6883668,b3050,0
6884819,b4318,0.117
6882238,b1481,0
6880968,b0089,0.865
6883589,b2956,0.316
6883806,b3199,10.0
6883905,b3312,1296
6884962,b4541,1.97
6882376,b1631,7.18
6883838,b3232,9.23
6884726,b4208,75.2
6883218,b2533,142
6884682,b4160,154
6881678,b0877,5.29
6882260,b1503,0.088
6881676,b0875,0
6882227,b1468,3.96
6884624,b4099,0
6880988,b0111,7.36
6881110,b0247,0.007
6881041,b0164,0
6882925,b2223,0.008
6884264,b3689,6.8
6884510,b3974,11.4
6880949,b0069,4.45
6884464,b3923,119
6882067,b1289,0.058
6881495,b0681,0
6882673,b1942,0.457
6881936,b1146,1.79
6884111,b3529,4.82
6881259,b0416,130
6884108,b3526,51.2
6881372,b0537,1.59
6882822,b2111,0.013
6881218,b0372,0
6884210,b3631,2.49
6884282,b3710,0.012
6880947,b0067,0.008
6883178,b2493,2.2
6881030,b0153,0.095
6882180,b1414,146
6883745,b3136,1.13
6884164,b3584,0.026
6884769,b4257,0
6881844,b1053,0.012
6884891,b4398,5.8
6882026,b1248,16.1
6883693,b3076,0.005
6881506,b0694,3.7
6884034,b3449,26.4
6883685,b3067,263
6881460,b0635,2.02
6884143,b3563,0
6883755,b3146,60.8
6882691,b1961,2.44
6882542,b1801,0.436
6884113,b3531,0.246
6883245,b2560,4.62
6884384,b3832,2.42
6881527,b0718,0.076
6881113,b0250,0.041
6882675,b1944,18.4
6883252,b2567,106
6881862,b1071,244
6884386,b3834,20.7
6881311,b0469,212
6883910,b3317,1289
6883964,b3371,0.004
6884352,b3793,0.097
6882477,b1736,0.991
6884531,b4000,1701
6883399,b2744,8.62
6883691,b3074,6.04
6884719,b4200,3199
6882529,b1788,0
6881335,b0493,18.6
6880934,b0052,9.69
6881144,b0288,0
6884356,b3801,0.119
6882938,b2239,93.2
6882674,b1943,0.217
6881808,b1010,0.049
6883129,b2444,0.005
6884249,b3671,266
6883771,b3162,35.3
6884572,b4046,90.6
6884894,b4401,717
6882294,b1541,195
6884872,b4379,1.54
6881464,b0639,3.14
6882904,b2202,2.73
6883934,b3341,3507
6884355,b3800,0.004
6881658,b0857,0.037
6881940,b1153,0.327
6884951,b4523,0
6881439,b0612,0.255
6881695,b0895,2.98
6881877,b1086,25.1
6884257,b3679,0
6881639,b0838,603
6881648,b0847,0.669
6884246,b3668,0.893
6884715,b4196,2.14
6883384,b2729,1.81
6882666,b1931,0.176
6884122,b3541,47.9
6884949,b4520,0
6884400,b3856,3.12
6881968,b1185,17.3
6881679,b0878,13.5
6884223,b3644,145
6882032,b1254,0.189
6884277,b3705,45.0
6883371,b2716,0.54
6884168,b3588,680
6884046,b3461,14.1
6881979,b1196,0.564
6882521,b1780,119
6883666,b3048,0.199
6884328,b3764,702
6883440,b2787,3.22
6884893,b4400,1.8
6883816,b3209,241
6883517,b2877,1.55
6881427,b0599,26.0
6883797,b3190,185
6882887,b2182,19.4
6883889,b3296,1958
6881171,b0319,0.058
6883446,b2793,13.0
6883660,b3041,70.6
6880930,b0048,48.9
6884833,b4332,0
6882528,b1787,24.4
6881279,b0436,1297
6883926,b3333,0.674
6882966,b2267,14.7
6882869,b2164,0.07
6882890,b2185,5495
6882712,b1992,3.06
6882597,b1856,0.051
6881455,b0630,11.0
6880999,b0122,16.6
6884855,b4359,1.54
6882984,b2285,117
6882883,b2178,0.182
6883997,b3406,8.53
6884048,b3463,108
6883247,b2562,66.3
6883656,b3037,44.3
6882000,b1217,77.8
6882740,b2024,36.7
6884617,b4092,2.44
6884391,b3842,9.92
6882657,b1922,42.8
6882757,b2042,436
6882132,b1356,32.0
6884542,b4015,3954
6884250,b3672,0
6884881,b4388,14.7
6884176,b3597,1.18
6882865,b2160,0.358
6880982,b0104,136
6881553,b0752,1.07
6882014,b1234,6.83
6884178,b3599,142
6883886,b3293,0.177
6882750,b2035,0
6882701,b1974,0.006
6881386,b0555,0.01
6884402,b3858,373
6882954,b2255,21.6
6883913,b3320,2011
6880890,b0006,47.9
6881163,b0311,0.12
6880963,b0084,3.83
6884205,b3626,3.4
6883961,b3368,7.57
6883684,b3066,3.86
6883276,b2595,124
6882663,b1928,117
6883225,b2540,0
6884999,b4620,0.01
6881604,b0803,0
6881003,b0126,394
6884583,b4057,216
6884187,b3608,94.8
6881698,b0898,0
6883515,b2875,8.72
6881116,b0253,0.039
6882535,b1794,3.09
6883965,b3374,0.009
6882453,b1710,552
6884311,b3739,1.16
6881908,b1117,88.7
6881761,b0961,38.2
6884394,b3845,205
6881964,b1181,0.532
6884496,b3956,475
6884242,b3664,2.08
6881284,b0441,203
6882775,b2060,0.028
6881123,b0264,0.002
6884057,b3472,234
6882687,b1957,6.24
6882441,b1698,0.085
6884562,b4035,117
6883230,b2545,0.027
6881757,b0957,1681
6883849,b3243,0.559
6883900,b3307,1261
6883901,b3308,5826
6882290,b1537,65.4
6881343,b0505,0.141
6883738,b3127,0.005
6882854,b2149,112
6884887,b4394,33.1
6884691,b4172,533
6884628,b4105,1.21
6881345,b0507,0.419
6883048,b2352,4.16
6881319,b0477,6.08
6882200,b1438,3.17
6883171,b2486,0
6882823,b2112,0.07
6881521,b0712,38.2
6882667,b1932,1.14
6884745,b4230,0.086
6882248,b1491,0.431
6883130,b2445,0
6883951,b3358,0.791
6885001,b4622,4.99
6884750,b4235,200
6882620,b1879,3.41
6882580,b1839,19.5
6884497,b3957,82.5
6881669,b0868,3.3
6881009,b0132,0
6884469,b3928,2224
6884697,b4178,27.6
6882263,b1508,3.29
6883972,b3381,0
6882923,b2221,0.028
6884410,b3867,5.56
6881477,b0652,17.5
6884128,b3548,0
6884172,b3592,123
6884568,b4042,12.6
6882980,b2281,205
6883076,b2384,0.207
6882714,b1994,0.281
6881938,b1148,0
6883756,b3147,42.4
6883929,b3336,840
6883677,b3059,2.14
6884146,b3566,174
6883057,b2365,0.021
6884099,b3517,913
6884401,b3857,12.1
6881059,b0183,5.06
6881406,b0578,509
6883329,b2667,11.5
6884231,b3652,3.49
6883542,b2904,102
6881482,b0657,3.6
6884308,b3736,578
6884931,b4482,0.003
6884494,b3954,0.422
6883968,b3377,0
6883097,b2412,67.6
6881561,b0760,21.7
6883420,b2765,19.7
6881762,b0962,17.9
6883472,b2822,1.99
6881753,b0953,524
6881229,b0384,49.6
6884453,b3910,74.1
6881237,b0393,75.5
6883646,b3026,0.59
6884765,b4253,1.71
6884190,b3611,179
6884792,b4290,0.546
6883907,b3314,1703
6884065,b3480,4.01
6881565,b0764,0.225
6881970,b1187,114
6882677,b1946,99.1
6884811,b4310,3.3
6884733,b4215,0.421
6881649,b0848,0.098
6883815,b3208,2.09
6883998,b3407,55.3
6881946,b1160,0
6883250,b2565,0.795
6883679,b3061,2.0
6880943,b0063,1.53
6884344,b3785,13.8
6881301,b0459,5.67
6882972,b2273,0.001
6881143,b0287,99.6
6884359,b3804,8.57
6881209,b0360,0.191
6884476,b3935,0.674
6881949,b1163,2.44
6884669,b4147,378
6882428,b1685,292
6881396,b0568,1.17
6883293,b2615,8.92
6883430,b2777,12.2
6882182,b1418,10.5
6882346,b1601,0.073
6884389,b3838,74.6
6884515,b3984,1601
6881867,b1076,10.1
6884069,b3484,0.384
6884455,b3912,389
6883480,b2830,13.4
6882483,b1742,0.148
6883754,b3145,7.35
6884694,b4175,123
6882241,b1484,0.072
6883401,b2746,42.3
6884706,b4187,9.72
6884236,b3657,0.001
6881519,b0710,178
6883845,b3239,8.59
6884830,b4329,0.801
6884363,b3809,50.7
6881911,b1120,36.4
6881730,b0930,427
6882079,b1301,0.004
6883632,b3010,2.89
6884212,b3633,6.31
6884341,b3781,931
6882188,b1424,18.2
6884603,b4077,2.76
6884858,b4362,6.8
6883537,b2899,0.04
6883658,b3039,1.48
6882706,b1983,83.9
6883876,b3281,37.8
6884235,b3656,0.174
6881157,b0304,8.65
6880908,b0026,314
6884522,b3991,22.6
6884771,b4259,15.9
6881212,b0364,0.004
6882243,b1486,0.932
6882266,b1513,2.61
6882891,b2186,46.4
6884580,b4054,188
6883363,b2708,18.7
6884918,b4469,1.06
6881054,b0178,669
6882161,b1393,0.889
6881872,b1081,0.006
6881571,b0770,0.275
6882309,b1558,0.03
6883673,b3055,79.3
6883940,b3347,323
6884939,b4506,52.7
