string_external_id,abundance
YAL001C,124.510117
YAL002W,736.464618
YAL005C,268716.516
YAL007C,26271.84743
YAL008W,1923.060261
YAL009W,861.143461
YAL010C,768.102769
YAL011W,1377.330737
YAL012W,38300.98543
YAL016W,16919.42057
YAL017W,966.596862
YAL019W,6796.71319
YAL021C,2779.050022
YAL022C,216.634494
YAL023C,6512.436698
YAL024C,304.494494
YAL026C,606.198294
YAL027W,1169.430224
YAL029C,2205.345518
YAL031C,227.386371
YAL032C,1674.508609
YAL033W,2229.450427
YAL034W-A,2606.882407
YAL035W,13406.22431
YAL036C,11733.36646
YAL038W,290834.323
YAL039C,3870.074331
YAL041W,1010.900703
YAL043C,3730.671372
YAL044C,3507.958726
YAL044W-A,238.011792
YAL046C,258.915893
YAL047C,639.376549
YAL049C,1797.084034
YAL051W,92.296564
YAL053W,414.115457
YAL054C,2892.344667
YAL055W,258.915893
YAL058W,4760.162447
YAL059W,2835.839687
YAL060W,8733.01892
YAL061W,3087.986491
YAR002C-A,20675.37706
YAR002W,4590.281414
YAR003W,906.714285
YAR007C,4099.830302
YAR009C,2217.406213
YAR014C,538.409577
YAR015W,4276.968159
YAR019C,238.011792
YAR027W,1694.684899
YAR028W,1835.103835
YAR031W,258.915893
YAR044W,845.818925
YAR064W,1524.843187
YAR071W,1458.258755
YBL001C,1898.035017
YBL002W,443201.2609
YBL003C,32072.84976
YBL005W,166.392335
YBL007C,951.715802
YBL008W,845.818925
YBL010C,1322.710493
YBL011W,1054.721202
YBL013W,1069.225892
YBL014C,237.415691
YBL015W,4888.821438
YBL016W,8476.479863
YBL017C,7205.815052
YBL018C,4867.30452
YBL019W,414.115457
YBL021C,2513.888079
YBL022C,14538.97623
YBL023C,1687.046282
YBL024W,16134.33573
YBL026W,2205.345518
YBL027W,225358.6811
YBL028C,6208.754523
YBL029C-A,996.18804
YBL031W,264.074872
YBL032W,15576.28466
YBL033C,9516.673726
YBL034C,521.1317
YBL035C,11222.13057
YBL036C,4888.821438
YBL037W,1590.703824
YBL038W,2881.06604
YBL039C,57600.04077
YBL045C,19342.62189
YBL046W,1010.900703
YBL047C,1377.330737
YBL051C,4632.572128
YBL054W,830.424217
YBL055C,1458.258755
YBL056W,19673.22572
YBL057C,2193.268207
YBL058W,3198.384354
YBL059C-A,279.403257
YBL059W,622.843006
YBL061C,2583.713125
YBL063W,56.866386
YBL064C,4506.061582
YBL067C,124.510117
YBL068W,5281.104096
YBL071W-A,8399.981724
YBL072C,15947.64291
YBL074C,7327.589104
YBL075C,6441.958021
YBL076C,23281.94051
YBL078C,2010.015692
YBL079W,1564.443453
YBL080C,1390.900226
YBL084C,593.473872
YBL085W,1040.166157
YBL086C,395.628344
YBL090W,1267.516655
YBL091C,1083.681248
YBL091C-A,357.977413
YBL093C,6116.222317
YBL095W,704.480663
YBL097W,704.480663
YBL098W,555.549057
YBL099W,41519.73472
YBL101C,799.416322
YBL102W,279.403257
YBL103C,1054.721202
YBL104C,183.517076
YBL107C,768.102769
YBL111C,279.403257
YBR001C,2502.203353
YBR002C,8965.919913
YBR003W,1564.443453
YBR007C,376.921209
YBR009C,523616.444
YBR010W,213288.6024
YBR011C,68410.63035
YBR015C,6725.291721
YBR016W,1758.86078
YBR017C,2132.627524
YBR022W,1169.430224
YBR023C,1511.585725
YBR024W,1484.982463
YBR025C,36802.56824
YBR026C,1564.443453
YBR028C,1471.635869
YBR030W,7883.045269
YBR034C,37569.71143
YBR037C,2548.860755
YBR039W,28103.81771
YBR041W,16887.79588
YBR042C,2010.015692
YBR043C,279.403257
YBR047W,2156.935194
YBR048W,1197.659409
YBR049C,7514.312272
YBR052C,7060.581089
YBR053C,4194.585085
YBR054W,1948.003846
YBR055C,2253.337052
YBR056W,1960.445507
YBR057C,3400.149501
YBR058C,3037.98376
YBR059C,3004.533419
YBR060C,1696.105119
YBR061C,4112.700375
YBR062C,194.711698
YBR065C,4256.325871
YBR066C,704.480663
YBR067C,35561.50114
YBR068C,8655.808529
YBR069C,503.708466
YBR070C,338.777852
YBR071W,1197.659409
YBR072W,19342.62189
YBR073W,1267.516655
YBR077C,3486.464288
YBR079C,52745.8594
YBR080C,5924.782401
YBR081C,2360.885973
YBR082C,13479.86873
YBR083W,529.788358
YBR084C-A,97742.55789
YBR084W,11423.98381
YBR085W,1083.681248
YBR087W,5040.259907
YBR089C-A,4590.281414
YBR092C,951.715802
YBR093C,1112.447872
YBR094W,1771.624875
YBR095C,1629.891555
YBR096W,1948.003846
YBR097W,279.403257
YBR101C,13112.90071
YBR103W,1616.855581
YBR104W,1054.721202
YBR105C,6654.104514
YBR106W,61807.7694
YBR107C,124.510117
YBR110W,1885.491266
YBR111C,7327.540918
YBR112C,3890.118013
YBR114W,357.977413
YBR115C,7425.375296
YBR117C,148.811243
YBR118W,450.486391
YBR119W,2948.573282
YBR120C,2132.627524
YBR121C,98424.74495
YBR123C,15841.12736
YBR125C,148.811243
YBR126C,10895.67561
YBR127C,130501.5739
YBR129C,1564.443453
YBR130C,1010.900703
YBR131W,2869.776294
YBR133C,1183.565989
YBR135W,8784.610397
YBR137W,1197.659409
YBR138C,194.711698
YBR139W,1417.940016
YBR141C,622.843006
YBR142W,981.420509
YBR143C,13112.90071
YBR145W,1308.967217
YBR149W,30200.43654
YBR150C,572.55651
YBR151W,1997.652247
YBR152W,2513.888079
YBR155W,672.127009
YBR156C,319.300389
YBR158W,2022.360037
YBR159W,41938.17757
YBR160W,6665.95274
YBR161W,194.711698
YBR162C,12316.72502
YBR162W-A,845.818925
YBR163W,1417.940016
YBR164C,5193.121683
YBR166C,2181.174143
YBR169C,6301.716046
YBR170C,1054.721202
YBR171W,7820.703709
YBR172C,486.132248
YBR173C,2744.835938
YBR176W,1417.940016
YBR177C,2548.860755
YBR179C,1010.900703
YBR181C,38831.83634
YBR185C,2721.966881
YBR187W,2169.063186
YBR188C,1431.411266
YBR189W,63349.64497
YBR193C,936.775973
YBR195C,148.811243
YBR196C,91628.76246
YBR197C,1363.727534
YBR198C,14834.29352
YBR199W,5237.055637
YBR200W,6488.917408
YBR201W,238.011792
YBR202W,166.392335
YBR205W,704.480663
YBR207W,486.132248
YBR208C,951.715802
YBR211C,1629.891555
YBR212W,1538.071714
YBR214W,2835.839687
YBR215W,238.011792
YBR216C,3060.232559
YBR218C,16951.06359
YBR221C,9969.900784
YBR222C,8771.703701
YBR223C,2132.627524
YBR225W,622.843006
YBR227C,10868.08534
YBR229C,238.011792
YBR230C,4749.488952
YBR231C,1681.776763
YBR233W,1590.703824
YBR233W-A,468.39465
YBR237W,357.977413
YBR238C,2083.801265
YBR239C,85.528878
YBR242W,2733.407426
YBR244W,2010.015692
YBR245C,1498.298948
YBR246W,2641.539627
YBR247C,21578.12678
YBR248C,11846.50253
YBR249C,26271.84743
YBR251W,6677.807496
YBR252W,4339.080303
YBR253W,2181.174143
YBR254C,1197.659409
YBR255W,395.628344
YBR256C,7303.145229
YBR258C,1524.843187
YBR260C,1498.298948
YBR261C,3060.232559
YBR262C,2548.860755
YBR263W,17715.96078
YBR264C,1363.727534
YBR265W,7696.481883
YBR266C,338.777852
YBR267W,830.424217
YBR268W,1098.088258
YBR271W,216.634494
YBR272C,468.39465
YBR273C,2193.268207
YBR274W,2525.559159
YBR278W,783.798887
YBR279W,1040.166157
YBR281C,1935.542162
YBR282W,2253.48995
YBR283C,704.480663
YBR286W,4738.822884
YBR287W,6441.958021
YBR288C,3410.968758
YBR289W,216.634494
YBR290W,3071.341699
YBR299W,4031.317778
YCL001W,2835.839687
YCL005W,148.811243
YCL008C,1363.727534
YCL009C,15792.5809
YCL010C,1746.07334
YCL011C,2537.216686
YCL016C,1655.885285
YCL017C,503.708466
YCL024W,538.409577
YCL025C,21148.29573
YCL028W,1141.028544
YCL029C,299.519102
YCL030C,521.1317
YCL031C,2606.882407
YCL032W,1668.843656
YCL033C,799.416322
YCL035C,3026.843989
YCL037C,8425.457222
YCL039W,1197.659409
YCL040W,21114.40605
YCL044C,3410.968758
YCL045C,2835.839687
YCL047C,830.424217
YCL049C,655.803216
YCL050C,19606.96615
YCL052C,4931.943378
YCL055W,1694.684899
YCL057W,8914.000141
YCL059C,4339.080303
YCL061C,720.517291
YCL064C,36601.50517
YCR002C,14088.44039
YCR003W,1694.684899
YCR004C,14599.37886
YCR005C,2313.309473
YCR008W,1025.559692
YCR009C,7388.640295
YCR011C,338.777852
YCR012W,314024.354
YCR016W,1847.732991
YCR018C,2096.034577
YCR020C,194.711698
YCR020C-A,2144.790022
YCR020W-B,3553.78712
YCR021C,7795.810069
YCR024C,783.798887
YCR024C-A,123764.9486
YCR026C,3421.779388
YCR027C,1603.793112
YCR028C-A,3060.232559
YCR030C,4276.968159
YCR031C,29596.64263
YCR033W,395.628344
YCR034W,3507.958726
YCR035C,3181.886481
YCR036W,1784.365878
YCR037C,503.708466
YCR038C,2108.249954
YCR042C,1155.251341
YCR043C,4235.714558
YCR044C,3049.113264
YCR046C,4153.580202
YCR047C,1616.855581
YCR051W,783.798887
YCR052W,2474.93209
YCR053W,26000.37041
YCR054C,8965.919913
YCR057C,16650.55818
YCR059C,3026.843989
YCR060W,1655.885285
YCR063W,1898.035017
YCR065W,357.977413
YCR066W,205.746596
YCR068W,3060.232559
YCR071C,1707.568347
YCR073C,56.866386
YCR073W-A,1155.251341
YCR076C,357.977413
YCR077C,655.803216
YCR079W,432.397164
YCR081W,1733.262297
YCR082W,981.420509
YCR083W,1010.900703
YCR084C,5841.226393
YCR086W,1923.060261
YCR087C-A,3432.581433
YCR088W,606.198294
YCR090C,3970.612643
YCR092C,736.464618
YCR093W,4297.641365
YCR094W,589.437791
YCR095C,5369.543076
YCR105W,2869.776294
YDL001W,951.715802
YDL002C,1758.86078
YDL003W,1041.493285
YDL005C,10785.44473
YDL006W,1524.843187
YDL008W,376.921209
YDL010W,1642.901353
YDL012C,2253.48995
YDL015C,23596.90299
YDL017W,1600.228597
YDL018C,3192.887447
YDL019C,1069.225892
YDL021W,2022.360037
YDL022W,807.196256
YDL025C,861.143461
YDL027C,450.486391
YDL029W,6654.104514
YDL030W,3917.632904
YDL033C,1511.585725
YDL036C,639.376549
YDL040C,7597.549342
YDL042C,3345.922367
YDL043C,3464.936461
YDL044C,2059.280198
YDL045W-A,258.915893
YDL046W,2835.839687
YDL047W,3970.612643
YDL048C,622.843006
YDL053C,1564.443453
YDL055C,97062.38497
YDL056W,521.1317
YDL058W,2325.226499
YDL059C,468.39465
YDL060W,1390.900226
YDL061C,5413.932878
YDL063C,2595.30427
YDL064W,2595.30427
YDL065C,5347.390686
YDL067C,35501.78491
YDL069C,555.549057
YDL070W,2926.114486
YDL072C,2835.839687
YDL074C,2982.181094
YDL076C,3060.232559
YDL077C,319.300389
YDL078C,3302.381076
YDL080C,2144.790022
YDL082W,133101.1188
YDL084W,51687.41119
YDL085C-A,876.399694
YDL087C,2265.485518
YDL088C,2744.835938
YDL089W,606.198294
YDL090C,3910.193747
YDL091C,232.714339
YDL092W,7995.645699
YDL095W,41519.73472
YDL097C,16761.48064
YDL098C,906.714285
YDL099W,5215.074324
YDL100C,17332.20464
YDL101C,3475.704567
YDL103C,5480.729474
YDL104C,1404.436492
YDL106C,6418.517997
YDL107W,736.464618
YDL108W,4401.469188
YDL109C,194.711698
YDL110C,2108.249954
YDL111C,7108.890555
YDL112W,861.143461
YDL113C,357.977413
YDL115C,1083.681248
YDL116W,8578.810965
YDL117W,376.921209
YDL119C,1551.271682
YDL120W,1564.443453
YDL121C,3258.69488
YDL122W,8965.919913
YDL123W,6784.793384
YDL124W,4031.317778
YDL125C,5413.932878
YDL126C,78351.11851
YDL128W,7770.941037
YDL129W,450.486391
YDL130W,22448.48709
YDL131W,21863.85255
YDL132W,376.921209
YDL133C-A,4910.36774
YDL134C,5615.081157
YDL135C,1668.843656
YDL136W,19095.81145
YDL137W,25012.47193
YDL139C,555.549057
YDL141W,1972.867337
YDL142C,876.399694
YDL143W,5534.976502
YDL144C,5171.19776
YDL145C,15238.26485
YDL146W,329.075379
YDL147W,5705.20707
YDL150W,997.973851
YDL155W,891.589403
YDL156W,3810.136233
YDL157C,752.325536
YDL159W,672.127009
YDL160C,42884.4114
YDL164C,148.811243
YDL165W,2120.447552
YDL166C,8349.102512
YDL167C,3573.309141
YDL168W,8374.530145
YDL170W,1197.659409
YDL171C,18915.44259
YDL173W,1141.028544
YDL174C,10785.44473
YDL175C,1797.084034
YDL176W,338.777852
YDL177C,906.714285
YDL178W,11368.00828
YDL181W,981.420509
YDL182W,28103.81771
YDL184C,11874.83906
YDL185W,199894.9525
YDL188C,4112.700375
YDL189W,891.589403
YDL190C,2595.30427
YDL192W,19342.62189
YDL195W,1835.103835
YDL197C,1910.557947
YDL201W,2630
YDL202W,6070.117975
YDL203C,98.941523
YDL205C,8480.520214
YDL207W,1040.166157
YDL209C,2653.066587
YDL211C,3356.785381
YDL212W,6512.436698
YDL213C,8965.919913
YDL215C,7400.879022
YDL219W,4611.411749
YDL220C,318.981158
YDL222C,329.075379
YDL225W,5615.081157
YDL226C,9556.400891
YDL229W,170038.6345
YDL230W,2687.57228
YDL232W,2431.80295
YDL233W,1010.900703
YDL234C,2455.326041
YDL235C,6325.023224
YDL236W,2982.181094
YDL238C,279.403257
YDL240W,468.39465
YDL241W,1295.187544
YDR001C,1835.103835
YDR003W,1225.722176
YDR004W,238.011792
YDR005C,1720.427389
YDR007W,1847.732991
YDR009W,720.517291
YDR011W,1295.187544
YDR012W,151453.9271
YDR013W,1431.411266
YDR014W,720.517291
YDR016C,799.416322
YDR017C,1935.542162
YDR019C,4092.307504
YDR020C,4276.968159
YDR021W,3089.642529
YDR022C,486.132248
YDR026C,432.397164
YDR027C,2537.216686
YDR028C,2560.491457
YDR032C,2325.226499
YDR033W,182461.9225
YDR034C,450.486391
YDR034W-B,861.143461
YDR035W,8965.919913
YDR036C,3950.441125
YDR038C,606.198294
YDR039C,639.376549
YDR040C,688.35166
YDR041W,8476.479863
YDR043C,555.549057
YDR044W,22029.30264
YDR047W,9223.435023
YDR049W,3930.301472
YDR050C,207073.4858
YDR051C,3170.875939
YDR054C,8171.781919
YDR055W,11676.92473
YDR056C,1597.251841
YDR059C,981.420509
YDR060W,15024.36161
YDR061W,1577.587385
YDR062W,54505.2547
YDR063W,3037.98376
YDR065W,1668.843656
YDR066C,1054.721202
YDR068W,3269.630172
YDR069C,427.845261
YDR070C,936.775973
YDR071C,8681.521714
YDR072C,606.198294
YDR073W,1025.559692
YDR074W,22725.25803
YDR075W,2835.839687
YDR076W,1054.721202
YDR077W,1630
YDR079W,468.39465
YDR080W,1169.430224
YDR081C,571.956674
YDR083W,2779.050022
YDR084C,1040.166157
YDR087C,6964.269049
YDR088C,1493.342691
YDR089W,172.147832
YDR091C,6278.43555
YDR092W,8965.919913
YDR096W,432.397164
YDR097C,5325.266696
YDR098C,11006.25315
YDR099W,47603.22404
YDR100W,4537.58737
YDR101C,45117.5307
YDR103W,1898.035017
YDR108W,8758.802888
YDR110W,1511.585725
YDR111C,3475.704567
YDR115W,194.711698
YDR116C,7012.373832
YDR117C,3870.074331
YDR118W,1332.300733
YDR120C,15545.46074
YDR121W,2096.034577
YDR122W,279.403257
YDR123C,783.798887
YDR124W,3514.84267
YDR125C,142.835745
YDR127W,6418.517997
YDR128W,555.549057
YDR129C,3514.84267
YDR132C,172.147832
YDR135C,395.628344
YDR137W,589.437791
YDR138W,1336.41794
YDR139C,1308.967217
YDR140W,3389.321577
YDR141C,2699.049385
YDR142C,589.437791
YDR143C,172.147832
YDR144C,538.409577
YDR145W,930.120259
YDR146C,688.35166
YDR147W,3421.779388
YDR148C,7970.580638
YDR152W,10293.73198
YDR153C,8096.149373
YDR155C,85989.8774
YDR156W,3104.608743
YDR158W,18361.30696
YDR159W,338.777852
YDR161W,1629.891555
YDR162C,521.1317
YDR164C,639.376549
YDR165W,5909.607347
YDR166C,3398.673106
YDR167W,3367.639559
YDR168W,10226.00296
YDR169C,639.376549
YDR170C,3671.414453
YDR170W-A,2914.868826
YDR171W,1471.635869
YDR172W,78851.47188
YDR173C,2721.966881
YDR174W,19013.75986
YDR175C,3148.825924
YDR176W,2467.066327
YDR177W,8939.948348
YDR178W,7920.523746
YDR179C,357.977413
YDR179W-A,258.915893
YDR180W,3313.279871
YDR181C,768.102769
YDR182W,582.59356
YDR183W,2253.48995
YDR184C,845.818925
YDR185C,672.127009
YDR186C,194.711698
YDR189W,5782.497207
YDR190C,11620.56742
YDR191W,376.921209
YDR194C,10293.73198
YDR195W,7449.896637
YDR196C,1655.885285
YDR197W,2144.790022
YDR198C,768.102769
YDR200C,376.921209
YDR201W,639.376549
YDR202C,2858.475365
YDR205W,1069.225892
YDR207C,216.634494
YDR210W,13112.90071
YDR211W,33849.16986
YDR213W,752.325536
YDR214W,13939.2416
YDR217C,400.270146
YDR219C,1363.727534
YDR221W,9755.80372
YDR222W,1010.900703
YDR226W,122594.5437
YDR228C,2803.533476
YDR229W,2835.839687
YDR232W,22578.16261
YDR233C,37104.80191
YDR234W,7351.961801
YDR235W,1730.468721
YDR236C,830.424217
YDR238C,26000.37041
YDR239C,154.72696
YDR240C,360.765217
YDR244W,2071.549859
YDR245W,6278.43555
YDR246W,3126.736997
YDR247W,783.798887
YDR248C,503.708466
YDR251W,299.519102
YDR252W,1822.452778
YDR254W,606.198294
YDR256C,622.843006
YDR257C,4011.051031
YDR258C,2993.362505
YDR259C,1350.090109
YDR261C,2408.222476
YDR262W,4845.817038
YDR264C,4071.946074
YDR266C,1910.557947
YDR267C,5637.570925
YDR268W,672.127009
YDR272W,13731.19234
YDR275W,921.77596
YDR279W,2337.128179
YDR280W,4802.930574
YDR283C,279.403257
YDR284C,3037.98376
YDR285W,390.972799
YDR288W,2537.216686
YDR289C,3930.301472
YDR291W,258.915893
YDR292C,1997.652247
YDR293C,1098.088258
YDR294C,13112.90071
YDR295C,1498.298948
YDR296W,2606.882407
YDR297W,54278.12646
YDR298C,32362.508
YDR299W,15422.35445
YDR300C,10429.60478
YDR301W,639.376549
YDR303C,1753.188162
YDR305C,1923.060261
YDR308C,1390.900226
YDR309C,1126.761005
YDR310C,148.811243
YDR311W,5145.399624
YDR312W,1350.090109
YDR313C,194.711698
YDR314C,78.623531
YDR316W,503.708466
YDR318W,951.715802
YDR320C,768.102769
YDR320C-A,966.596862
YDR322C-A,4590.281414
YDR322W,7696.481883
YDR323C,768.102769
YDR324C,5436.170202
YDR325W,1923.060261
YDR329C,1404.436492
YDR330W,6630.427668
YDR331W,1564.443453
YDR332W,172.147832
YDR333C,338.777852
YDR334W,655.803216
YDR335W,3497.215661
YDR337W,6964.269049
YDR338C,194.711698
YDR341C,20600.59149
YDR342C,7351.961801
YDR345C,37205.71654
YDR346C,45224.74275
YDR347W,2835.839687
YDR348C,1484.982463
YDR349C,148.811243
YDR352W,6348.357045
YDR353W,292122.3313
YDR354W,1758.86078
YDR356W,279.403257
YDR357C,589.437791
YDR358W,655.803216
YDR361C,4590.281414
YDR362C,1125.065735
YDR363W,1885.491266
YDR363W-A,5592.619267
YDR364C,1629.891555
YDR365C,655.803216
YDR367W,3421.779388
YDR368W,14148.25755
YDR369C,357.977413
YDR370C,1040.166157
YDR371W,3049.113264
YDR372C,1854.039425
YDR373W,7157.301963
YDR375C,1985.269522
YDR376W,1600.224297
YDR377W,14599.37886
YDR379C-A,861.143461
YDR379W,253.730922
YDR380W,6559.55429
YDR382W,601592.0887
YDR385W,78122.32947
YDR386W,299.519102
YDR388W,14599.37886
YDR389W,1417.940016
YDR390C,18815.79117
YDR391C,6024.121888
YDR392W,1707.568347
YDR393W,279.403257
YDR395W,16290.42639
YDR397C,2948.573282
YDR398W,33119.38278
YDR399W,36501.10171
YDR404C,6418.517997
YDR405W,2169.063186
YDR407C,258.915893
YDR408C,3910.193747
YDR409W,148.811243
YDR410C,2687.57228
YDR412W,2948.573282
YDR416W,2169.063186
YDR418W,50307.07261
YDR419W,1860.340468
YDR421W,319.300389
YDR422C,622.843006
YDR423C,622.843006
YDR424C,1308.967217
YDR425W,1797.084034
YDR427W,12445.9481
YDR430C,6139.314986
YDR432W,78656.49284
YDR434W,7523.610749
YDR436W,189.135227
YDR437W,752.325536
YDR439W,1390.900226
YDR440W,2156.935194
YDR441C,936.775973
YDR444W,2071.549859
YDR447C,30541.72658
YDR448W,1720.427389
YDR449C,7523.610749
YDR450W,48149.0314
YDR452W,319.300389
YDR453C,4824.359039
YDR454C,20507.28269
YDR456W,521.1317
YDR457W,357.977413
YDR458C,1253.62422
YDR460W,3049.113264
YDR461W,28940.58727
YDR462W,6278.43555
YDR463W,1308.967217
YDR465C,1603.793112
YDR469W,936.775973
YDR471W,22898.77261
YDR472W,8349.102512
YDR473C,432.397164
YDR474C,2132.627524
YDR476C,2120.447552
YDR477W,589.437791
YDR478W,172.147832
YDR479C,5040.259907
YDR480W,1308.967217
YDR481C,3060.232559
YDR482C,555.549057
YDR483W,13025.29661
YDR484W,3126.736997
YDR485C,357.977413
YDR486C,2108.249954
YDR487C,5458.435748
YDR488C,752.325536
YDR493W,279.403257
YDR495C,2265.485518
YDR496C,21522.19115
YDR498C,4910.36774
YDR499W,606.198294
YDR500C,19673.22572
YDR502C,22035.3073
YDR503C,299.519102
YDR505C,258.915893
YDR506C,589.437791
YDR507C,736.464618
YDR508C,10634.44575
YDR510W,2937.349284
YDR511W,194.711698
YDR513W,31400.12897
YDR514C,124.510117
YDR515W,861.143461
YDR516C,10566.02831
YDR517W,2733.407426
YDR519W,5402.824813
YDR520C,936.775973
YDR522C,238.011792
YDR524C,395.628344
YDR525W-A,20406.63041
YDR527W,688.35166
YDR528W,258.915893
YDR529C,10077.4879
YDR530C,1771.624875
YDR531W,6185.581127
YDR532C,376.921209
YDR533C,357.977413
YDR538W,1746.07334
YDR539W,861.143461
YDR540C,172.147832
YEL001C,7108.890555
YEL002C,14902.5527
YEL003W,1655.885285
YEL006W,1629.891555
YEL007W,1707.568347
YEL011W,1225.722176
YEL012W,1590.703824
YEL013W,5682.633923
YEL015W,2343.073302
YEL017C-A,74715.51673
YEL017W,1295.187544
YEL018W,936.775973
YEL019C,2801.800602
YEL022W,7696.481883
YEL027W,8450.956611
YEL031W,1872.926488
YEL032W,35099.97731
YEL037C,10895.67561
YEL038W,2847.163185
YEL039C,1308.967217
YEL041W,299.519102
YEL042W,8681.521714
YEL043W,148.811243
YEL044W,1720.427389
YEL046C,106018.1917
YEL047C,7622.245279
YEL048C,8655.808529
YEL050C,1577.587385
YEL051W,8502.026952
YEL052W,3573.309141
YEL053C,1972.867337
YEL054C,68483.79893
YEL055C,4485.082266
YEL058W,14690.12817
YEL059C-A,357.977413
YEL060C,1603.793112
YEL061C,238.011792
YEL062W,319.300389
YEL066W,1155.251341
YEL068C,951.715802
YEL070W,124.510117
YEL071W,12966.99506
YER001W,1784.365878
YER002W,2864.127232
YER003C,5222.314335
YER004W,1336.41794
YER005W,450.486391
YER006W,7133.083532
YER007C-A,4215.134277
YER007W,2144.790022
YER008C,376.921209
YER010C,845.818925
YER011W,622.843006
YER012W,21778.28095
YER013W,906.714285
YER014W,5347.390686
YER015W,357.977413
YER016W,3632.073559
YER017C,3870.074331
YER018C,3280.556272
YER019C-A,414.115457
YER019W,2169.063186
YER020W,4569.181177
YER021W,16666.93729
YER022W,3649.754992
YER023W,43518.85645
YER024W,319.300389
YER025W,20769.52874
YER027C,3592.864266
YER029C,861.143461
YER030W,622.843006
YER031C,5955.33142
YER034W,1098.088258
YER035W,538.409577
YER036C,17635.79701
YER037W,194.711698
YER039C-A,98.941523
YER040W,589.437791
YER041W,130.689731
YER042W,3071.341699
YER044C,376.921209
YER047C,299.519102
YER048W-A,2443.571616
YER049W,8914.000141
YER050C,1211.71123
YER051W,783.798887
YER052C,48149.0314
YER053C-A,2360.885973
YER054C,124.510117
YER056C-A,23561.84244
YER057C,672.127009
YER059W,1239.692946
YER061C,1655.885285
YER062C,4996.845821
YER063W,6583.15252
YER064C,1733.262297
YER067W,8450.956611
YER068W,4276.968159
YER069W,1183.565989
YER070W,292504.7803
YER071C,799.416322
YER072W,12073.78085
YER073W,23316.87153
YER075C,768.102769
YER077C,432.397164
YER078C,5083.790177
YER079W,1885.491266
YER080W,8197.041147
YER081W,7671.711581
YER082C,5795.776334
YER084W,299.519102
YER086W,11874.83906
YER087C-A,216.634494
YER087W,477.284179
YER088C,2120.447552
YER089C,12618.89407
YER090W,6512.436698
YER091C,263886.2349
YER092W,2277.46513
YER093C-A,1835.103835
YER095W,6964.269049
YER098W,98.941523
YER099C,8121.336004
YER100W,1898.035017
YER101C,936.775973
YER102W,14388.30966
YER103W,17876.62581
YER104W,258.915893
YER105C,4422.326721
YER107C,1822.767904
YER110C,38300.98543
YER111C,589.437791
YER112W,3443.374934
YER114C,688.35166
YER118C,2325.226499
YER120W,3497.215661
YER122C,1511.585725
YER123W,1322.710493
YER124C,3082.44074
YER126C,8655.808529
YER127W,1431.411266
YER128W,966.596862
YER129W,752.325536
YER131W,503125.4583
YER132C,814.957372
YER133W,14599.37886
YER134C,6185.581127
YER136W,7282.745061
YER139C,5480.729474
YER143W,6512.436698
YER144C,299.519102
YER145C,8374.530145
YER147C,906.714285
YER149C,7820.703709
YER151C,2205.345518
YER152C,1390.900226
YER153C,468.39465
YER154W,6547.765027
YER155C,1232.71254
YER156C,6081.633924
YER157W,4144.908566
YER158C,783.798887
YER159C,5127.436254
YER161C,1239.692946
YER162C,876.399694
YER163C,1295.187544
YER164W,1616.855581
YER165W,197889.8675
YER168C,13524.86871
YER169W,2229.450427
YER170W,704.480663
YER171W,14431.75839
YER172C,1444.850698
YER173W,752.325536
YER174C,7795.810069
YER175C,936.775973
YER176W,736.464618
YER177W,157574.6126
YER178W,100203.323
YER182W,1923.060261
YER183C,468.39465
YFL001W,5863.992636
YFL002C,5739.118732
YFL004W,2914.868826
YFL006W,1498.298948
YFL007W,2595.30427
YFL008W,5705.20707
YFL010C,6024.121888
YFL013C,1390.900226
YFL014W,4485.082266
YFL016C,7572.878254
YFL017C,2548.860755
YFL017W-A,1404.436492
YFL018C,24567.36552
YFL021W,1183.565989
YFL023W,1295.187544
YFL024C,1112.447872
YFL027C,572.55651
YFL028C,1616.855581
YFL030W,338.777852
YFL031W,8965.919913
YFL034C-A,74715.51673
YFL034C-B,2253.48995
YFL034W,1112.447872
YFL041W,2835.839687
YFL044C,2767.657162
YFL045C,3497.215661
YFL047W,1746.07334
YFL048C,2903.612241
YFL049W,3181.886481
YFL050C,2132.627524
YFL060C,194.711698
YFR001W,3651.727589
YFR002W,15545.46074
YFR003C,1083.681248
YFR004W,16352.99291
YFR005C,166.944936
YFR007W,160.586302
YFR008W,486.132248
YFR009W,14629.60927
YFR010W,6772.880063
YFR011C,3553.78712
YFR013W,1771.624875
YFR014C,1524.843187
YFR015C,6301.716046
YFR016C,704.480663
YFR017C,639.376549
YFR018C,3970.612643
YFR019W,148.811243
YFR021W,1564.443453
YFR024C,18037.73953
YFR024C-A,3671.414453
YFR025C,4276.968159
YFR026C,720.517291
YFR028C,8553.19253
YFR030W,1577.587385
YFR031C,3291.473224
YFR032C-A,51129.43052
YFR033C,4485.082266
YFR037C,3380.844095
YFR039C,3170.875939
YFR040W,5955.33142
YFR044C,22293.26603
YFR046C,1295.187544
YFR047C,2664.580961
YFR048W,655.803216
YFR049W,2046.992119
YFR050C,16919.42057
YFR051C,17957.12668
YFR052W,9889.445675
YFR053C,40790.59737
YFR054C,299.519102
YFR055W,2606.882407
YGL001C,2577.912647
YGL004C,2205.345518
YGL005C,1363.727534
YGL006W,98.941523
YGL008C,1255722.326
YGL009C,96329.45366
YGL010W,486.132248
YGL011C,15207.64991
YGL012W,1642.901353
YGL013C,1295.187544
YGL014W,720.517291
YGL016W,9755.80372
YGL017W,2034.685455
YGL018C,2010.015692
YGL019W,8121.336004
YGL020C,2253.48995
YGL021W,2193.268207
YGL022W,3004.533419
YGL025C,555.549057
YGL026C,15453.10258
YGL027C,2835.839687
YGL028C,22621.3458
YGL029W,2337.128179
YGL030W,59318.74947
YGL031C,247377.6215
YGL032C,1155.251341
YGL035C,830.424217
YGL036W,486.132248
YGL037C,7721.276914
YGL038C,9490.217457
YGL039W,2343.073302
YGL040C,11557.20182
YGL043W,6255.181772
YGL044C,6348.357045
YGL045W,783.798887
YGL046W,3037.98376
YGL047W,1948.003846
YGL048C,4696.233017
YGL049C,3389.321577
YGL050W,3389.321577
YGL053W,1253.62422
YGL054C,7108.890555
YGL056C,21216.12558
YGL058W,2767.657162
YGL059W,450.486391
YGL060W,3870.074331
YGL061C,996.18804
YGL062W,12532.32864
YGL064C,736.464618
YGL065C,1835.103835
YGL066W,486.132248
YGL067W,845.818925
YGL068W,6940.255169
YGL070C,2443.571616
YGL071W,2733.407426
YGL076C,101440.7929
YGL078C,38934.18232
YGL079W,1629.891555
YGL080W,395.628344
YGL082W,7622.245279
YGL083W,1484.982463
YGL084C,672.127009
YGL085W,704.480663
YGL086W,655.803216
YGL087C,2756.252492
YGL090W,876.399694
YGL092W,4632.572128
YGL094C,1511.585725
YGL095C,5660.088527
YGL097W,12081.90976
YGL098W,936.775973
YGL099W,19425.11
YGL100W,951.715802
YGL101W,1498.298948
YGL105W,57715.67568
YGL107C,4802.930574
YGL108C,2431.80295
YGL110C,6301.716046
YGL111W,2744.835938
YGL112C,6506.376816
YGL113W,124.510117
YGL115W,11676.92473
YGL117W,148.811243
YGL119W,951.715802
YGL120C,16910.00072
YGL122C,9671.698819
YGL125W,8604.453128
YGL126W,538.409577
YGL127C,468.39465
YGL129C,1295.187544
YGL130W,279.403257
YGL133W,2606.882407
YGL134W,216.634494
YGL135W,264998.5039
YGL137W,129074.1612
YGL140C,1083.681248
YGL141W,3115.677812
YGL143C,414.115457
YGL145W,6024.121888
YGL147C,52359.45941
YGL148W,2313.309473
YGL150C,6278.43555
YGL151W,2490.504884
YGL153W,2572.108883
YGL154C,622.843006
YGL155W,3938.908825
YGL156W,319.300389
YGL157W,2948.573282
YGL159W,172.147832
YGL161C,936.775973
YGL162W,1098.088258
YGL164C,3671.414453
YGL166W,1758.86078
YGL167C,6904.282584
YGL169W,538.409577
YGL172W,4755.729204
YGL173C,11676.92473
YGL175C,1025.559692
YGL178W,1239.692946
YGL180W,1069.225892
YGL181W,936.775973
YGL185C,1431.411266
YGL187C,9410.985752
YGL189C,16321.70036
YGL190C,8604.453128
YGL194C,4888.821438
YGL195W,7327.540918
YGL197W,395.628344
YGL200C,26817.41425
YGL201C,13435.66707
YGL202W,1771.624875
YGL203C,8553.19253
YGL206C,28660.81935
YGL207W,18491.23205
YGL208W,299.519102
YGL209W,503.708466
YGL210W,4297.641365
YGL212W,2360.885973
YGL213C,1707.568347
YGL216W,736.464618
YGL219C,376.921209
YGL220W,2046.992119
YGL221C,6001.164537
YGL223C,2193.268207
YGL225W,31880.19319
YGL226C-A,1010.900703
YGL226W,1169.430224
YGL227W,1498.298948
YGL228W,8642.960803
YGL229C,279.403257
YGL231C,1322.710493
YGL232W,2630
YGL233W,4276.968159
YGL234W,35800.67676
YGL238W,23504.41493
YGL240W,1363.727534
YGL241W,2937.349284
YGL244W,6512.436698
YGL245W,48696.76275
YGL246C,4031.317778
YGL247W,124.510117
YGL248W,1404.436492
YGL250W,1822.452778
YGL252C,3258.69488
YGL253W,114499.0855
YGL254W,2120.447552
YGL256W,125
YGL257C,1169.430224
YGR001C,3060.232559
YGR002C,2229.450427
YGR003W,172.147832
YGR004W,238.011792
YGR005C,519.682031
YGR007W,4696.233017
YGR008C,5325.266696
YGR010W,1431.411266
YGR012W,4653.762501
YGR013W,782.058238
YGR014W,1322.710493
YGR016W,238.011792
YGR017W,2835.839687
YGR019W,572.55651
YGR020C,4051.616146
YGR021W,1784.365878
YGR024C,1169.430224
YGR027C,321821.9539
YGR028W,3534.298273
YGR030C,3181.886481
YGR031W,7400.879022
YGR033C,3770.33893
YGR034W,33236.30537
YGR037C,8502.026952
YGR038W,2801.800602
YGR040W,5480.729474
YGR041W,951.715802
YGR043C,1923.060261
YGR046W,194.711698
YGR047C,876.399694
YGR048W,3534.298273
YGR049W,3214.860847
YGR052W,338.777852
YGR056W,258.915893
YGR057C,655.803216
YGR058W,1629.891555
YGR060W,77108.00219
YGR061C,40769.82377
YGR062C,468.39465
YGR063C,4485.082266
YGR068C,1972.867337
YGR071C,1054.721202
YGR072W,1253.62422
YGR074W,2396.410458
YGR075C,2384.583774
YGR076C,1551.271682
YGR077C,538.409577
YGR078C,6547.765027
YGR080W,1471.635869
YGR081C,3671.414453
YGR082W,5682.633923
YGR083C,10307.82186
YGR084C,16040.90516
YGR085C,21216.12558
YGR086C,114642.1383
YGR087C,1524.843187
YGR088W,319.300389
YGR089W,996.18804
YGR090W,3258.69488
YGR091W,1264.836029
YGR092W,3497.215661
YGR093W,1267.516655
YGR094W,358
YGR095C,10757.94133
YGR099W,638.126514
YGR100W,768.102769
YGR102C,172.147832
YGR103W,4527.071208
YGR104C,1010.900703
YGR105W,1484.982463
YGR106C,12763.57934
YGR108W,299.519102
YGR111W,768.102769
YGR112W,622.843006
YGR116W,8888.075319
YGR117C,1281.37089
YGR118W,10566.02831
YGR119C,9305.265894
YGR120C,3269.630172
YGR123C,6988.308614
YGR124W,58178.93311
YGR125W,1417.940016
YGR128C,16761.48064
YGR129W,2455.326041
YGR130C,10293.73198
YGR132C,9689.194395
YGR134W,1322.710493
YGR135W,17077.81868
YGR140W,1345.237288
YGR141W,622.843006
YGR143W,468.39465
YGR146C,589.437791
YGR147C,1239.692946
YGR148C,36883.08897
YGR150C,876.399694
YGR155W,41938.17757
YGR156W,936.775973
YGR157W,1809.779588
YGR158C,7376.407847
YGR159C,77437.20787
YGR161C,2096.034577
YGR162W,9755.80372
YGR163W,2606.882407
YGR165W,3464.936461
YGR166W,1655.885285
YGR167W,3486.464288
YGR169C,376.921209
YGR171C,3115.677812
YGR173W,6197.164469
YGR174C,704.480663
YGR175C,65383.60778
YGR177C,3004.533419
YGR178C,2869.776294
YGR179C,2687.57228
YGR180C,88884.14927
YGR183C,4548.111091
YGR185C,2710.497904
YGR186W,1923.060261
YGR187C,20843.89598
YGR188C,414.115457
YGR189C,29521.43449
YGR191W,688.35166
YGR192C,168875.8419
YGR193C,414.115457
YGR194C,3464.936461
YGR195W,5149.302602
YGR198W,1642.901353
YGR200C,6093.156634
YGR202C,3049.113264
YGR203W,2313.309473
YGR204W,35641.17114
YGR205W,4276.968159
YGR206W,752.325536
YGR207C,2402.318293
YGR208W,13849.95894
YGR209C,17236.67336
YGR210C,11592.42046
YGR211W,39859.04074
YGR214W,93683.70592
YGR218W,7084.723063
YGR220C,3192.887447
YGR221C,56.866386
YGR222W,799.416322
YGR229C,5682.633923
YGR231C,2847.163185
YGR232W,319.300389
YGR233C,2926.114486
YGR234W,12966.99506
YGR235C,5215.074324
YGR237C,1054.721202
YGR238C,468.39465
YGR240C,89811.25874
YGR241C,6796.71319
YGR243W,6749.072895
YGR245C,3637.908816
YGR246C,4331.65138
YGR247W,1524.843187
YGR248W,4318.345432
YGR250C,1910.557947
YGR251W,1458.258755
YGR252W,1183.565989
YGR253C,17077.81868
YGR254W,76728.69
YGR255C,2937.349284
YGR256W,555.549057
YGR257C,538.409577
YGR258C,845.818925
YGR261C,3573.309141
YGR262C,3015.693894
YGR264C,85016.15352
YGR266W,3225.833379
YGR267C,2835.839687
YGR269W,279.403257
YGR270W,172.147832
YGR271C-A,2835.839687
YGR271W,486.132248
YGR274C,1498.298948
YGR275W,1551.271682
YGR277C,3612.452429
YGR278W,3258.69488
YGR279C,6185.581127
YGR280C,3850.062764
YGR281W,3612.452429
YGR282C,45010.39752
YGR283C,2824.504803
YGR285C,86409.01454
YGR286C,503.708466
YGR287C,752.325536
YGR292W,5062.010543
YHL001W,35104.47267
YHL002W,357.977413
YHL004W,6892.304602
YHL007C,258.915893
YHL009C,1681.776763
YHL013C,172.147832
YHL014C,2360.885973
YHL017W,14599.37886
YHL018W,752.325536
YHL019C,2892.344667
YHL020C,1281.37089
YHL021C,5795.776334
YHL025W,2903.612241
YHL026C,830.424217
YHL027W,1822.452778
YHL029C,12532.32864
YHL030W,2948.573282
YHL033C,237632.5191
YHL034C,12763.57934
YHL038C,1363.727534
YHL039W,5171.19776
YHL048W,3071.341699
YHR001W,2349.014632
YHR001W-A,5592.619267
YHR003C,8425.457222
YHR004C,376.921209
YHR005C,9916.241596
YHR006W,6488.917408
YHR007C,73216.56745
YHR008C,10923.28755
YHR009C,5237.055637
YHR010W,7376.407847
YHR011W,404.898446
YHR012W,258.915893
YHR013C,3313.279871
YHR015W,98.941523
YHR018C,10158.41266
YHR023W,2144.790022
YHR024C,31358.24984
YHR025W,92610.39148
YHR027C,305987.6112
YHR030C,3225.833379
YHR031C,655.803216
YHR034C,2606.882407
YHR035W,450.486391
YHR036W,1281.37089
YHR037W,17204.86597
YHR038W,1444.850698
YHR039C,2502.203353
YHR039C-A,2277.46513
YHR040W,2801.800602
YHR041C,1720.427389
YHR042W,46625.646
YHR043C,2396.410458
YHR044C,752.325536
YHR046C,2443.571616
YHR047C,76981.5004
YHR049W,14599.37886
YHR051W,12474.72104
YHR052W,45869.66773
YHR053C,31880.19319
YHR055C,6677.807496
YHR057C,338.777852
YHR058C,4824.359039
YHR059W,2630
YHR060W,752.325536
YHR061C,1098.088258
YHR062C,6301.716046
YHR063C,2595.30427
YHR064C,73590.42173
YHR066W,8146.546862
YHR067W,799.416322
YHR068W,7597.549342
YHR069C,4840.712461
YHR070W,4122.908582
YHR072W,2193.268207
YHR073W,589.437791
YHR074W,172.147832
YHR077C,1281.37089
YHR079C,258.915893
YHR082C,1267.516655
YHR083W,1471.635869
YHR084W,1923.060261
YHR085W,4422.326721
YHR086W,1484.982463
YHR087W,2431.80295
YHR088W,783.798887
YHR089C,5727.807926
YHR094C,23334.34313
YHR098C,12187.92069
YHR101C,3464.936461
YHR102W,1040.166157
YHR104W,12850.63546
YHR106W,414.115457
YHR107C,1169.430224
YHR108W,2265.485518
YHR109W,2937.349284
YHR111W,2618.447621
YHR112C,1363.727534
YHR113W,172.147832
YHR114W,5436.170202
YHR115C,2790.431145
YHR116W,1363.727534
YHR117W,4112.700375
YHR118C,2969.090056
YHR119W,172.147832
YHR120W,1668.843656
YHR121W,8323.698854
YHR122W,1797.084034
YHR127W,2144.790022
YHR129C,1577.587385
YHR131C,172.147832
YHR132C,468.39465
YHR132W-A,1404.436492
YHR133C,1898.035017
YHR135C,1629.891555
YHR136C,2181.174143
YHR137W,7696.481883
YHR138C,319.300389
YHR141C,3890.118013
YHR143W-A,906.714285
YHR144C,1511.585725
YHR146W,2993.362505
YHR147C,5682.633923
YHR149C,1551.271682
YHR152W,936.775973
YHR154W,1377.330737
YHR155W,1169.430224
YHR156C,799.416322
YHR158C,1350.090109
YHR159W,503.708466
YHR161C,622.843006
YHR162W,3410.968758
YHR163W,3421.779388
YHR165C,468.39465
YHR166C,79.671546
YHR167W,2835.839687
YHR168W,189.135227
YHR169W,3497.215661
YHR170W,11894.89889
YHR172W,2231.330026
YHR173C,148.811243
YHR174W,2606.882407
YHR178W,279.403257
YHR179W,15131.19611
YHR181W,1809.779588
YHR182W,1720.427389
YHR183W,101440.7929
YHR187W,3870.074331
YHR188C,1681.776763
YHR189W,338.777852
YHR190W,10757.94133
YHR192W,3389.321577
YHR193C,38016.08218
YHR194W,1197.659409
YHR195W,1898.035017
YHR196W,20005.56015
YHR197W,7820.703709
YHR198C,1350.090109
YHR199C,4422.326721
YHR200W,17236.67336
YHR201C,3170.875939
YHR203C,101854.3274
YHR204W,655.803216
YHR205W,3850.062764
YHR206W,2572.108883
YHR207C,4996.845821
YHR208W,87301.77443
YHR209W,4380.642237
YHR215W,3291.473224
YHR216W,7870.564691
YIL001W,194.711698
YIL002C,98.941523
YIL005W,6024.121888
YIL007C,845.818925
YIL008W,1239.692946
YIL009W,6441.958021
YIL010W,1835.103835
YIL014W,2313.309473
YIL015W,672.127009
YIL016W,3345.922367
YIL018W,4051.616146
YIL020C,6488.917408
YIL021W,10037.0613
YIL024C,1538.071714
YIL026C,4092.307504
YIL027C,5237.055637
YIL031W,450.486391
YIL033C,4276.968159
YIL034C,6772.880063
YIL035C,7181.545814
YIL036W,1239.692946
YIL038C,2490.504884
YIL039W,1069.225892
YIL041W,7721.276914
YIL042C,4215.134277
YIL043C,4824.359039
YIL044C,5347.390686
YIL045W,996.18804
YIL046W,216.634494
YIL047C,1155.251341
YIL050W,3389.321577
YIL051C,168102.0218
YIL052C,21012.83814
YIL053W,193299.8968
YIL054W,521.1317
YIL056W,279.403257
YIL057C,5525.401288
YIL061C,736.464618
YIL062C,3060.232559
YIL063C,3618.672045
YIL064W,1616.855581
YIL065C,2408.222476
YIL066C,1363.727534
YIL068C,1083.681248
YIL069C,6162.434602
YIL070C,4910.36774
YIL071C,503.708466
YIL074C,2010.015692
YIL075C,4749.488952
YIL076W,23072.69556
YIL077C,921.77596
YIL078W,42623.79904
YIL079C,1551.271682
YIL083C,3170.875939
YIL084C,105.475967
YIL085C,2892.344667
YIL088C,194.711698
YIL090W,606.198294
YIL091C,172.147832
YIL092W,105.475967
YIL093C,1923.060261
YIL094C,19079.39238
YIL095W,1322.710493
YIL096C,2959.786543
YIL097W,783.798887
YIL098C,589.437791
YIL101C,194.711698
YIL103W,2525.559159
YIL104C,7060.581089
YIL105C,5193.121683
YIL106W,5018.538317
YIL107C,1707.568347
YIL108W,194.711698
YIL111W,2253.48995
YIL115C,1225.722176
YIL118W,5909.607347
YIL119C,1336.41794
YIL122W,736.464618
YIL123W,1797.084034
YIL124W,3671.414453
YIL125W,14328.17937
YIL126W,1985.269522
YIL127C,3671.414453
YIL128W,3148.825924
YIL129C,205.746596
YIL130W,395.628344
YIL131C,1720.427389
YIL132C,414.115457
YIL133C,43307.05408
YIL135C,2181.174143
YIL136W,6488.917408
YIL137C,5105.598763
YIL138C,11089.41299
YIL140W,395.628344
YIL143C,825.04706
YIL144W,1155.251341
YIL145C,2402.318293
YIL147C,655.803216
YIL148W,11818.18698
YIL149C,2767.657162
YIL150C,1858.02722
YIL151C,503.708466
YIL153W,4590.281414
YIL154C,5105.598763
YIL155C,1668.843656
YIL156W,606.198294
YIL157C,1681.776763
YIL159W,258.915893
YIL161W,1225.722176
YIL162W,1784.365878
YIL172C,166.392335
YIL173W,319.300389
YIR001C,6488.917408
YIR003W,450.486391
YIR004W,8965.919913
YIR005W,921.77596
YIR007W,1069.225892
YIR008C,196.942808
YIR009W,503.708466
YIR010W,1308.967217
YIR011C,2120.447552
YIR012W,19670.73411
YIR015W,2071.549859
YIR018W,238.011792
YIR021W,5237.055637
YIR022W,3148.825924
YIR023W,704.480663
YIR024C,589.437791
YIR026C,7572.878254
YIR033W,299.519102
YIR034C,111933.6269
YIR035C,2372.742316
YIR036C,1616.855581
YIR037W,8121.336004
YJL001W,7254.42956
YJL002C,11889.01519
YJL003W,672.127009
YJL004C,238.011792
YJL006C,1590.703824
YJL010C,2926.114486
YJL011C,2926.114486
YJL012C-A,8707.25852
YJL013C,3170.875939
YJL016W,3356.785381
YJL017W,172.147832
YJL018W,4506.061582
YJL021C,2606.882407
YJL023C,720.517291
YJL024C,1239.692946
YJL025W,397.641741
YJL026W,538.409577
YJL030W,1112.447872
YJL033W,7895.531974
YJL034W,336941.8927
YJL035C,830.424217
YJL036W,450.486391
YJL039C,2519.725319
YJL041W,2396.410458
YJL042W,279.403257
YJL044C,2993.362505
YJL048C,1336.41794
YJL049W,2525.559159
YJL050W,12503.51456
YJL052W,120264.1032
YJL055W,6441.958021
YJL057C,891.589403
YJL058C,1960.445507
YJL060W,1603.793112
YJL061W,9470.962692
YJL062W,258.915893
YJL062W-A,2525.559159
YJL063C,3026.843989
YJL065C,3389.321577
YJL066C,3389.321577
YJL068C,1746.07334
YJL069C,9569.65467
YJL070C,1098.088258
YJL071W,111.910047
YJL073W,3181.886481
YJL074C,2664.580961
YJL076W,1590.703824
YJL079C,555.549057
YJL081C,1068.351614
YJL082W,4975.182467
YJL083W,395.628344
YJL084C,49.157502
YJL085W,4279.658647
YJL087C,3111.27159
YJL088W,1141.028544
YJL090C,539.589927
YJL092W,5193.121683
YJL094C,172.147832
YJL095W,111.910047
YJL096W,1835.103835
YJL098W,11172.76653
YJL099W,1183.565989
YJL100W,56.866386
YJL101C,5127.436254
YJL102W,1733.262297
YJL104W,3181.886481
YJL107C,1484.982463
YJL109C,18231.66612
YJL110C,319.300389
YJL112W,3730.671372
YJL115W,6231.95475
YJL121C,3313.279871
YJL122W,4781.531693
YJL123C,2156.935194
YJL124C,3486.464288
YJL125C,7221.974006
YJL127C,1498.298948
YJL128C,2156.935194
YJL130C,11006.25315
YJL131C,319.300389
YJL133W,1363.727534
YJL136C,15299.55192
YJL137C,981.420509
YJL139C,6395.104469
YJL143W,1211.71123
YJL144W,148.811243
YJL145W,6535.982337
YJL146W,1847.732991
YJL147C,981.420509
YJL148W,3362.213572
YJL149W,194.711698
YJL151C,12532.32864
YJL154C,2360.885973
YJL155C,1681.776763
YJL157C,238.011792
YJL158C,12532.32864
YJL159W,14599.37886
YJL162C,183.517076
YJL164C,4318.345432
YJL166W,6139.314986
YJL168C,216.634494
YJL171C,5525.401288
YJL172W,720.517291
YJL173C,4276.968159
YJL176C,3148.825924
YJL177W,21097.46753
YJL178C,8965.919913
YJL179W,720.517291
YJL180C,6371.717472
YJL183W,3475.704567
YJL184W,2181.174143
YJL186W,11395.98539
YJL190C,40375.74905
YJL191W,3367.639559
YJL192C,11676.92473
YJL196C,936.775973
YJL197W,7108.890555
YJL198W,3432.581433
YJL200C,4674.982815
YJL201W,1746.07334
YJL203W,2490.504884
YJL204C,2699.049385
YJL207C,299.519102
YJL208C,3870.074331
YJL209W,2181.174143
YJL210W,338.777852
YJL212C,2869.776294
YJL214W,622.843006
YJL217W,720.517291
YJL222W,279.403257
YJR001W,1822.452778
YJR003C,3280.556272
YJR005W,1668.843656
YJR006W,625.850579
YJR007W,17077.81868
YJR008W,338.777852
YJR009C,120612.785
YJR010C-A,5547.77929
YJR010W,1511.585725
YJR011C,2560.491457
YJR012C,538.409577
YJR014W,21556.28219
YJR015W,639.376549
YJR016C,171209.9277
YJR017C,4401.469188
YJR022W,1444.850698
YJR024C,951.715802
YJR025C,2325.226499
YJR031C,2937.349284
YJR032W,3225.833379
YJR033C,148.811243
YJR041C,1662.367647
YJR042W,7920.74687
YJR043C,2408.222476
YJR044C,2337.128179
YJR046W,2193.268207
YJR047C,14238.1304
YJR048W,7327.540918
YJR049C,5040.259907
YJR050W,1985.269522
YJR051W,432.397164
YJR052W,936.775973
YJR053W,1377.330737
YJR054W,538.409577
YJR055W,2733.407426
YJR056C,1885.491266
YJR057W,2982.181094
YJR058C,1390.900226
YJR059W,1417.940016
YJR060W,6892.304602
YJR062C,1642.901353
YJR063W,8450.956611
YJR065C,6654.104514
YJR066W,589.437791
YJR067C,1498.298948
YJR068W,4607.515517
YJR069C,3486.464288
YJR070C,39859.04074
YJR072C,15207.64991
YJR073C,5886.786301
YJR074W,2835.839687
YJR075W,7157.301963
YJR076C,9279.391379
YJR078W,148.811243
YJR079W,906.714285
YJR080C,2289.428911
YJR082C,503.708466
YJR083C,1141.028544
YJR084W,1511.585725
YJR085C,2096.034577
YJR086W,5547.77929
YJR088C,5739.118732
YJR091C,783.798887
YJR092W,1603.793112
YJR093C,1310.190993
YJR094W-A,45546.85153
YJR096W,6964.269049
YJR097W,2010.015692
YJR098C,1225.722176
YJR101W,2059.280198
YJR103W,5369.543076
YJR104C,519498.0006
YJR105W,22172.76952
YJR109C,18037.73953
YJR110W,1083.681248
YJR111C,1885.491266
YJR112W,2071.549859
YJR113C,1336.41794
YJR117W,19640.08728
YJR118C,1155.251341
YJR119C,289.505143
YJR121W,164249.4935
YJR122W,2959.786543
YJR126C,111.910047
YJR129C,1551.271682
YJR130C,2071.549859
YJR131W,8260.294776
YJR132W,13524.11534
YJR133W,720.517291
YJR134C,299.519102
YJR135C,1025.559692
YJR136C,1471.635869
YJR137C,2903.612241
YJR138W,279.403257
YJR139C,48916.39216
YJR140C,921.77596
YJR142W,216.634494
YJR143C,1267.516655
YJR145C,572.55651
YJR146W,951.715802
YJR147W,2046.992119
YJR148W,25946.17996
YJR149W,172.147832
YJR154W,1603.793112
YJR156C,752.325536
YJR161C,814.957372
YKL001C,2169.063186
YKL004W,4174.067041
YKL005C,891.589403
YKL006W,45332.03362
YKL007W,4380.642237
YKL008C,2835.839687
YKL009W,18166.95254
YKL010C,7376.407847
YKL013C,9017.933016
YKL014C,5886.786301
YKL015W,736.464618
YKL016C,6820.572242
YKL017C,1040.166157
YKL018C-A,357.977413
YKL018W,704.480663
YKL019W,395.628344
YKL020C,432.397164
YKL021C,3730.671372
YKL022C,2752.940294
YKL023W,1733.262297
YKL024C,1498.298948
YKL025C,1603.793112
YKL027W,1169.430224
YKL028W,35882.60606
YKL029C,10456.84552
YKL033W,720.517291
YKL035W,17173.0768
YKL038W,194.711698
YKL040C,11256.31321
YKL041W,1885.491266
YKL043W,1417.940016
YKL046C,2583.713125
YKL047W,2548.860755
YKL048C,148.811243
YKL052C,2835.839687
YKL053C-A,3870.074331
YKL054C,3378.484944
YKL055C,1758.86078
YKL056C,27826.59029
YKL058W,3910.193747
YKL059C,1126.761005
YKL060C,1018216.061
YKL061W,1239.692946
YKL063C,2193.268207
YKL064W,258.915893
YKL065C,7205.815052
YKL067W,7133.083532
YKL068W,357.977413
YKL069W,2606.882407
YKL072W,211.208197
YKL073W,136.796664
YKL074C,4174.067041
YKL075C,98.941523
YKL077W,606.198294
YKL078W,720.517291
YKL079W,1923.060261
YKL080W,21114.40605
YKL081W,102130.3066
YKL085W,28103.81771
YKL086W,538.409577
YKL088W,2937.349284
YKL089W,465.16258
YKL091C,2869.776294
YKL092C,1225.722176
YKL094W,2144.790022
YKL095W,2253.48995
YKL096W,2059.280198
YKL096W-a,1589836.911
YKL103C,5727.807926
YKL104C,14250.44605
YKL105C,538.409577
YKL106W,2914.868826
YKL108W,655.803216
YKL110C,5259.065576
YKL112W,4818.48769
YKL113C,6116.222317
YKL114C,7254.42956
YKL116C,1511.585725
YKL117W,33724.85431
YKL119C,2034.685455
YKL120W,5347.390686
YKL121W,503.708466
YKL122C,3400.149501
YKL124W,450.486391
YKL125W,137.801731
YKL126W,2948.573282
YKL127W,9822.554269
YKL128C,3253.223772
YKL129C,154.72696
YKL130C,4071.946074
YKL134C,2687.57228
YKL135C,2687.57228
YKL137W,258.915893
YKL138C,2120.447552
YKL139W,124.510117
YKL140W,1471.635869
YKL141W,238.011792
YKL142W,1551.271682
YKL143W,589.437791
YKL144C,752.325536
YKL145W,105.475967
YKL148C,10402.38607
YKL149C,1126.761005
YKL150W,1923.060261
YKL151C,3870.074331
YKL152C,171982.1061
YKL154W,8247.632
YKL155C,1898.035017
YKL156W,43307.05408
YKL157W,2914.868826
YKL159C,521.1317
YKL160W,5863.992636
YKL162C,1098.088258
YKL164C,1170
YKL166C,1590.703824
YKL168C,981.420509
YKL170W,2455.326041
YKL173W,299.519102
YKL179C,2653.066587
YKL181W,11676.92473
YKL182W,91807.92524
YKL183W,5932.455733
YKL184W,688.35166
YKL185W,1797.084034
YKL189W,1281.37089
YKL191W,3486.464288
YKL192C,60512.33948
YKL193C,3867.458325
YKL194C,1239.692946
YKL195W,5040.259907
YKL197C,2096.034577
YKL204W,3236.79653
YKL205W,3486.464288
YKL206C,2937.349284
YKL210W,17715.96078
YKL211C,13406.22431
YKL212W,48039.71575
YKL213C,6796.71319
YKL214C,1308.967217
YKL215C,3181.886481
YKL216W,263886.2349
YKR001C,5955.33142
YKR002W,17078.86296
YKR003W,2548.860755
YKR004C,845.818925
YKR006C,1363.727534
YKR007W,2744.835938
YKR008W,8569.127204
YKR010C,338.777852
YKR011C,3148.825924
YKR014C,9384.620965
YKR016W,5727.807926
YKR017C,2253.48995
YKR018C,1771.624875
YKR020W,319.300389
YKR021W,414.115457
YKR022C,891.589403
YKR023W,1707.568347
YKR024C,1458.258755
YKR025W,1590.703824
YKR026C,8965.919913
YKR027W,2537.216686
YKR029C,622.843006
YKR031C,49.157502
YKR035W-A,2443.571616
YKR036C,589.437791
YKR038C,1267.516655
YKR041W,216.634494
YKR042W,56907.74291
YKR043C,11452.0035
YKR044W,319.300389
YKR046C,2156.935194
YKR048C,8070.986999
YKR049C,1239.692946
YKR052C,1336.41794
YKR054C,194.711698
YKR057W,27366.44223
YKR059W,106018.1917
YKR060W,3060.232559
YKR062W,1147.977953
YKR063C,646.644
YKR064W,148.811243
YKR065C,3004.533419
YKR066C,6725.291721
YKR067W,3104.608743
YKR068C,2372.742316
YKR070W,3870.074331
YKR071C,1047.450039
YKR072C,3750.4889
YKR074W,1225.722176
YKR075C,1960.445507
YKR076W,1668.843656
YKR077W,861.143461
YKR078W,1267.516655
YKR079C,2710.514226
YKR080W,16196.71611
YKR081C,32362.508
YKR082W,3060.232559
YKR083C,279.403257
YKR084C,2750.545705
YKR085C,357.977413
YKR086W,1253.62422
YKR088C,11256.31321
YKR089C,194.711698
YKR090W,1308.967217
YKR092C,12937.8747
YKR094C,28196.41589
YKR095W,2710.514226
YKR096W,194.711698
YKR099W,861.143461
YLL001W,9622.726661
YLL002W,1141.028544
YLL006W,2490.504884
YLL007C,486.132248
YLL010C,5615.081157
YLL011W,6624.614176
YLL012W,7770.941037
YLL013C,845.818925
YLL018C-A,5750.436449
YLL021W,274.317853
YLL022C,4548.111091
YLL023C,1681.776763
YLL024C,364127.6719
YLL026W,32808.21432
YLL027W,124.510117
YLL028W,1471.635869
YLL029W,3236.79653
YLL031C,299.519102
YLL032C,921.77596
YLL034C,4485.082266
YLL036C,11688.45419
YLL038C,1960.445507
YLL040C,124.510117
YLL041C,9543.152805
YLL043W,906.714285
YLL045C,80188.87096
YLL048C,3004.533419
YLL050C,19606.96615
YLL054C,338.777852
YLL058W,2071.549859
YLL062C,606.198294
YLR001C,205.746596
YLR002C,11747.49006
YLR003C,1197.659409
YLR005W,2337.128179
YLR006C,1197.659409
YLR011W,1267.516655
YLR015W,1308.967217
YLR016C,1471.635869
YLR017W,4824.359039
YLR020C,1629.891555
YLR021W,1822.452778
YLR022C,5062.010543
YLR024C,49.157502
YLR025W,3269.630172
YLR026C,299.519102
YLR027C,7696.481883
YLR028C,7696.481883
YLR032W,1524.843187
YLR033W,4464.133314
YLR035C,71.561869
YLR035C-A,216.634494
YLR036C,966.596862
YLR038C,1390.900226
YLR039C,78.623531
YLR043C,8578.810965
YLR044C,8965.919913
YLR045C,1655.885285
YLR048W,60864.7948
YLR049C,338.777852
YLR050C,357.977413
YLR052W,2277.46513
YLR055C,8425.457222
YLR056W,36200.40475
YLR057W,71.561869
YLR058C,67558.7907
YLR059C,1726.847843
YLR060W,5442.501698
YLR061W,60394.9954
YLR064W,2241.478296
YLR066W,6844.457184
YLR067C,1155.251341
YLR068W,1458.258755
YLR069C,6348.357045
YLR071C,319.300389
YLR072W,672.127009
YLR073C,376.921209
YLR074C,5626.322559
YLR079W,768.102769
YLR082C,538.409577
YLR084C,3671.414453
YLR085C,238.011792
YLR086W,572.55651
YLR089C,9956.477576
YLR090W,1211.71123
YLR093C,1885.491266
YLR094C,1054.721202
YLR095C,7523.610749
YLR098C,395.628344
YLR103C,1725.758194
YLR104W,1985.269522
YLR105C,319.370491
YLR106C,538.409577
YLR108C,189.135227
YLR109W,16227.93425
YLR110C,158048.5377
YLR113W,6784.793384
YLR114C,7499.014395
YLR115W,3064.837914
YLR116W,4375.745942
YLR117C,2135.611516
YLR118C,1484.982463
YLR120C,5436.170202
YLR126C,1511.585725
YLR127C,432.397164
YLR129W,9622.726661
YLR131C,538.409577
YLR132C,486.132248
YLR133W,3930.301472
YLR134W,471316.2133
YLR135W,274.317853
YLR137W,468.39465
YLR138W,1484.982463
YLR139C,3432.581433
YLR142W,183.517076
YLR143W,2265.485518
YLR144C,1417.940016
YLR145W,555.549057
YLR146C,3870.074331
YLR148W,2022.360037
YLR150W,46842.34198
YLR151C,238.011792
YLR153C,224829.6278
YLR154C,555.549057
YLR163C,1355.067911
YLR166C,2343.073302
YLR168C,2914.868826
YLR170C,6371.717472
YLR172C,13479.86873
YLR174W,2618.447621
YLR175W,33648.75389
YLR176C,376.921209
YLR177W,1551.271682
YLR178C,1025.559692
YLR179C,6231.95475
YLR180W,103236.5335
YLR181C,4401.469188
YLR182W,3335.050473
YLR183C,284.465482
YLR185W,21761.17911
YLR188W,1040.166157
YLR189C,395.628344
YLR190W,1069.225892
YLR191W,7895.531974
YLR192C,17876.62581
YLR193C,704.480663
YLR194C,688.35166
YLR196W,43837.15966
YLR197W,13520.5432
YLR199C,1350.090109
YLR200W,783.798887
YLR201C,3421.779388
YLR203C,4802.930574
YLR206W,1972.867337
YLR208W,21437.03673
YLR209C,1629.891555
YLR210W,98.941523
YLR212C,7202.676928
YLR214W,891.589403
YLR215C,4845.817038
YLR216C,18621.44064
YLR218C,906.714285
YLR219W,130.689731
YLR220W,2835.839687
YLR221C,2937.349284
YLR222C,8070.986999
YLR223C,1431.411266
YLR225C,3990.815966
YLR226W,2914.868826
YLR228C,78.623531
YLR231C,3060.232559
YLR234W,468.39465
YLR237W,3115.677812
YLR239C,1197.659409
YLR240W,1083.681248
YLR244C,19590.41209
YLR245C,3115.677812
YLR247C,142.835745
YLR248W,1790.727796
YLR249W,870577.6794
YLR250W,6904.282584
YLR251W,1872.926488
YLR253W,1603.793112
YLR254C,1538.071714
YLR257W,18605.14909
YLR258W,14599.37886
YLR260W,1758.86078
YLR262C,7721.276914
YLR262C-A,3104.608743
YLR264W,8604.453128
YLR265C,376.921209
YLR268W,395.628344
YLR270W,9916.241596
YLR271W,1471.635869
YLR272C,2537.216686
YLR274W,10330.85284
YLR275W,799.416322
YLR277C,17426.11914
YLR278C,1083.681248
YLR285W,7278.774766
YLR286C,6348.357045
YLR287C,9096.127221
YLR287C-A,37610.22304
YLR288C,414.115457
YLR289W,1885.491266
YLR290C,1417.940016
YLR291C,6652.563309
YLR292C,5292.134059
YLR295C,6139.314986
YLR297W,921.77596
YLR298C,2144.790022
YLR299W,672.127009
YLR300W,4276.968159
YLR301W,15437.72615
YLR304C,96654.98837
YLR305C,845.818925
YLR309C,2349.014632
YLR310C,319.300389
YLR312W-A,6488.917408
YLR313C,672.127009
YLR315W,1629.891555
YLR316C,891.589403
YLR319C,2606.882407
YLR321C,3943.396484
YLR323C,996.18804
YLR324W,4569.181177
YLR325C,50240.57625
YLR326W,1524.843187
YLR327C,503.708466
YLR328W,5127.436254
YLR330W,172.147832
YLR333C,162333.6387
YLR335W,2959.786543
YLR336C,3060.232559
YLR345W,3378.484944
YLR347C,51705.2244
YLR348C,3389.321577
YLR350W,5237.055637
YLR351C,4506.061582
YLR352W,124.510117
YLR354C,53034.19125
YLR355C,882840.6689
YLR357W,2325.226499
YLR358C,1733.262297
YLR360W,1069.225892
YLR361C,1935.542162
YLR362W,736.464618
YLR363C,6093.156634
YLR363W-A,6654.104514
YLR364W,572.55651
YLR367W,19739.55451
YLR369W,5547.77929
YLR370C,1923.060261
YLR373C,2948.573282
YLR375W,1239.692946
YLR376C,876.399694
YLR377C,589.437791
YLR378C,24762.90719
YLR380W,9596.179297
YLR381W,319.300389
YLR382C,2120.447552
YLR383W,338.777852
YLR384C,10538.69968
YLR385C,4235.714558
YLR386W,12388.46403
YLR387C,2241.478296
YLR388W,6488.917408
YLR390W,1885.491266
YLR390W-A,42022.02203
YLR392C,736.464618
YLR393W,1885.491266
YLR395C,672.127009
YLR396C,830.424217
YLR397C,799.416322
YLR398C,5773.092599
YLR399C,8096.149373
YLR401C,3632.073559
YLR403W,258.915893
YLR404W,845.818925
YLR405W,3389.321577
YLR406C,57484.47775
YLR407W,3137.78635
YLR408C,468.39465
YLR409C,2022.360037
YLR410W,8810.44142
YLR412W,6488.917408
YLR413W,4276.968159
YLR414C,1655.885285
YLR417W,2467.066327
YLR418C,538.409577
YLR419W,194.711698
YLR420W,12734.60142
YLR421C,12245.11525
YLR422W,238.011792
YLR423C,357.977413
YLR424W,555.549057
YLR426W,2132.627524
YLR427W,921.77596
YLR429W,2903.612241
YLR430W,124.510117
YLR431C,538.409577
YLR432W,26271.84743
YLR433C,7036.464668
YLR435W,13376.80157
YLR436C,1083.681248
YLR438C-A,7060.581089
YLR438W,71974.65836
YLR439W,7696.481883
YLR440C,1835.103835
YLR441C,92449.72517
YLR442C,1404.436492
YLR447C,1629.891555
YLR448W,38423.28842
YLR449W,14148.25755
YLR450W,148.811243
YLR451W,124.510117
YLR452C,5978.234368
YLR453C,589.437791
YLR454W,1363.727534
YLR455W,2606.882407
YLR456W,589.437791
YLR457C,338.777852
YLR460C,799.416322
YML001W,5525.401288
YML004C,2572.108883
YML005W,655.803216
YML006C,222.026808
YML007W,1616.855581
YML008C,53824.75282
YML009C,2478.792574
YML010W,2343.073302
YML011C,1083.681248
YML012W,51687.41119
YML013W,12618.89407
YML014W,2360.885973
YML016C,216.634494
YML017W,2193.268207
YML018C,2010.015692
YML019W,1083.681248
YML020W,376.921209
YML021C,4824.359039
YML022W,11200.59399
YML023C,906.714285
YML024W,30922.32837
YML025C,1183.565989
YML026C,112075.6792
YML027W,861.143461
YML028W,378211.7957
YML029W,1885.491266
YML030W,1211.71123
YML031W,3029.183932
YML032C,1083.681248
YML034W,2096.034577
YML035C,3910.193747
YML037C,814.957372
YML042W,450.486391
YML043C,476.101033
YML046W,4460.869377
YML048W,21420.01841
YML051W,783.798887
YML052W,16951.06359
YML053C,655.803216
YML054C,4590.281414
YML055W,4888.821438
YML056C,2970.989127
YML057W,7108.890555
YML058W,18751.93197
YML059C,521.1317
YML060W,3691.134082
YML061C,258.915893
YML062C,5909.607347
YML063W,106577.2669
YML064C,572.55651
YML065W,3932.503163
YML067C,3004.533419
YML068W,845.818925
YML069W,22442.48699
YML070W,23596.90299
YML071C,6441.958021
YML072C,4276.968159
YML073C,37104.80191
YML074C,9490.217457
YML076C,906.714285
YML078W,1960.445507
YML080W,1860.340468
YML081C-A,6535.982337
YML081W,672.127009
YML082W,2813.158464
YML085C,5592.619267
YML086C,6185.581127
YML088W,639.376549
YML091C,1155.251341
YML092C,7060.581089
YML093W,1471.635869
YML094W,2903.612241
YML096W,3750.4889
YML097C,4276.968159
YML098W,2083.801265
YML100W,1960.445507
YML101C,1847.732991
YML102W,2132.627524
YML103C,11676.92473
YML104C,783.798887
YML106W,39344.39976
YML107C,2205.345518
YML108W,2606.882407
YML109W,105.475967
YML110C,8096.149373
YML111W,338.777852
YML112W,2641.539627
YML113W,4696.233017
YML114C,4683.618205
YML115C,4749.488952
YML116W,1720.427389
YML117W,1538.071714
YML118W,414.115457
YML120C,5237.055637
YML121W,906.714285
YML123C,334706.083
YML124C,12331.06249
YML125C,29034.03019
YML126C,34807.39941
YML127W,2606.882407
YML128C,1069.225892
YML129C,6844.457184
YML132W,639.376549
YMR001C,1483.627263
YMR002W,6964.269049
YMR003W,2824.504803
YMR004W,2205.345518
YMR005W,1935.542162
YMR006C,622.843006
YMR010W,936.775973
YMR012W,16951.06359
YMR014W,3247.750348
YMR015C,24656.18855
YMR016C,314.38466
YMR019W,98.941523
YMR020W,6964.269049
YMR021C,14841.76358
YMR022W,2096.034577
YMR023C,768.102769
YMR024W,299.519102
YMR026C,906.714285
YMR027W,6185.581127
YMR029C,4011.051031
YMR031C,5570.185297
YMR032W,194.711698
YMR033W,1790.727796
YMR037C,124.510117
YMR038C,11988.39469
YMR039C,7820.703709
YMR043W,8965.919913
YMR044W,5818.487612
YMR048W,357.977413
YMR049C,2676.082832
YMR052W,1538.071714
YMR054W,1083.681248
YMR058W,1047.450039
YMR060C,1577.587385
YMR061W,5354.617639
YMR064W,503.708466
YMR066W,395.628344
YMR067C,3573.309141
YMR068W,1183.565989
YMR070W,1694.684899
YMR072W,3810.136233
YMR073C,450.486391
YMR074C,2548.860755
YMR075W,486.132248
YMR076C,7721.276914
YMR077C,936.775973
YMR079W,84293.64517
YMR080C,6093.156634
YMR083W,11648.73551
YMR089C,11466.02132
YMR090W,704.480663
YMR091C,3507.958726
YMR092C,11117.17601
YMR093W,357.977413
YMR097C,1629.891555
YMR098C,2431.80295
YMR099C,8578.810965
YMR100W,124.510117
YMR102C,538.409577
YMR104C,1308.967217
YMR105C,3790.221396
YMR106C,357.977413
YMR107W,258.915893
YMR108W,31880.19319
YMR109W,2277.46513
YMR110C,2926.114486
YMR111C,238.011792
YMR112C,395.628344
YMR113W,2337.128179
YMR115W,8965.919913
YMR116C,333111.9029
YMR117C,1746.07334
YMR120C,60864.7948
YMR121C,720.517291
YMR122W-A,49466.80325
YMR123W,5750.436449
YMR124W,166.392335
YMR125W,11256.31321
YMR126C,1197.659409
YMR128W,1997.652247
YMR129W,3410.968758
YMR132C,3060.232559
YMR134W,2948.573282
YMR135C,639.376549
YMR137C,258.915893
YMR138W,468.39465
YMR139W,6988.308614
YMR140W,555.549057
YMR142C,54164.6726
YMR143W,33822.82884
YMR144W,2120.447552
YMR145C,4931.943378
YMR146C,2404.75317
YMR148W,921.77596
YMR149W,8450.956611
YMR152W,6535.982337
YMR153W,2059.280198
YMR154C,432.397164
YMR157C,1707.568347
YMR159C,572.55651
YMR160W,279.403257
YMR161W,1835.103835
YMR163C,736.464618
YMR165C,3910.193747
YMR166C,2059.280198
YMR167W,319.300389
YMR168C,1903.449973
YMR169C,172.147832
YMR170C,2071.549859
YMR171C,655.803216
YMR172W,148.811243
YMR175W,2301.376984
YMR176W,258.915893
YMR177W,6488.917408
YMR178W,3890.118013
YMR181C,720.517291
YMR182C,1225.722176
YMR183C,1720.427389
YMR184W,1267.516655
YMR186W,132053.4152
YMR188C,2813.158464
YMR189W,12045.29794
YMR192W,2010.015692
YMR193W,4011.051031
YMR194W,31591.88376
YMR195W,4051.616146
YMR196W,2223.430372
YMR198W,98.941523
YMR199W,319.300389
YMR200W,2360.885973
YMR201C,1025.559692
YMR202W,2641.539627
YMR204C,639.376549
YMR205C,90209.5028
YMR207C,395.628344
YMR208W,3303.601076
YMR209C,981.420509
YMR212C,1668.843656
YMR213W,783.798887
YMR214W,8260.294776
YMR215W,16446.98189
YMR216C,2420.019938
YMR218C,432.397164
YMR220W,79.671546
YMR222C,1069.225892
YMR223W,1025.559692
YMR224C,432.397164
YMR225C,1564.443453
YMR226C,3214.860847
YMR227C,1054.721202
YMR228W,9384.620965
YMR229C,8862.173908
YMR230W,7646.966036
YMR231W,1197.659409
YMR233W,2360.885973
YMR234W,148.811243
YMR235C,52245.58194
YMR236W,6583.15252
YMR237W,3464.936461
YMR238W,2948.573282
YMR239C,4973.622978
YMR240C,1833.777072
YMR241W,2926.114486
YMR242C,54255.4298
YMR243C,8197.041147
YMR244C-A,720.517291
YMR246W,31189.61705
YMR247C,222.026808
YMR250W,1197.659409
YMR251W-A,6139.314986
YMR252C,172.147832
YMR255W,2733.407426
YMR256C,639.376549
YMR257C,538.409577
YMR258C,3082.44074
YMR259C,7108.890555
YMR260C,35104.47267
YMR261C,13465.12984
YMR262W,124.510117
YMR263W,704.480663
YMR264W,589.437791
YMR267W,194.711698
YMR268C,672.127009
YMR271C,814.957372
YMR272C,3291.473224
YMR273C,279.403257
YMR275C,486.132248
YMR276W,3930.301472
YMR277W,6545.448088
YMR278W,4964.361733
YMR282C,2676.082832
YMR283C,258.915893
YMR284W,891.589403
YMR285C,3573.309141
YMR286W,1197.659409
YMR287C,1069.225892
YMR288W,521.1317
YMR289W,768.102769
YMR290W-A,216.634494
YMR291W,10158.41266
YMR293C,486.132248
YMR295C,10785.44473
YMR296C,22379.45875
YMR297W,44049.76069
YMR299C,1169.430224
YMR300C,18686.65101
YMR301C,3246.823204
YMR302C,5259.065576
YMR303C,1616.855581
YMR304W,2813.158464
YMR305C,10484.10826
YMR307W,12359.75293
YMR308C,15514.65574
YMR309C,78886.65802
YMR310C,2537.216686
YMR311C,3443.374934
YMR313C,3214.860847
YMR314W,7205.815052
YMR315W,9596.179297
YMR316W,736.464618
YMR318C,21692.81342
YMR319C,572.55651
YNL001W,1720.427389
YNL002C,7721.276914
YNL003C,521.1317
YNL004W,1985.269522
YNL005C,2289.428911
YNL006W,589.437791
YNL007C,20306.13172
YNL010W,12618.89407
YNL011C,1098.088258
YNL014W,124.510117
YNL016W,49577.11424
YNL020C,1551.271682
YNL021W,3049.113264
YNL022C,921.77596
YNL023C,589.437791
YNL024C,1758.86078
YNL027W,1155.251341
YNL029C,450.486391
YNL030W,680598.9956
YNL031C,248467.8787
YNL032W,4071.946074
YNL033W,395.628344
YNL035C,3970.612643
YNL036W,2325.226499
YNL037C,10484.10826
YNL040W,1471.635869
YNL041C,1720.427389
YNL044W,5503.051335
YNL045W,5592.619267
YNL046W,704.480663
YNL047C,2606.882407
YNL048W,3137.78635
YNL049C,1720.427389
YNL051W,468.39465
YNL052W,3671.414453
YNL053W,538.409577
YNL056W,4527.071208
YNL059C,2169.063186
YNL061W,18696.96206
YNL062C,2578.775535
YNL063W,13200.68654
YNL064C,118525.3957
YNL066W,24656.18855
YNL067W,76022.19368
YNL068C,655.803216
YNL070W,3247.750348
YNL071W,5436.170202
YNL072W,622.843006
YNL073W,2277.46513
YNL077W,124.510117
YNL078W,503.708466
YNL079C,3060.232559
YNL080C,936.775973
YNL081C,258.915893
YNL082W,521.1317
YNL083W,1169.430224
YNL084C,2606.882407
YNL085W,3432.581433
YNL086W,194.711698
YNL087W,2630
YNL088W,5727.807926
YNL090W,3870.074331
YNL091W,216.634494
YNL092W,951.715802
YNL093W,830.424217
YNL094W,2289.428911
YNL096C,43518.85645
YNL097C,3247.750348
YNL098C,19805.95244
YNL099C,2313.309473
YNL100W,5458.435748
YNL102W,1054.721202
YNL103W,1295.187544
YNL104C,6630.427668
YNL107W,258.915893
YNL108C,1948.003846
YNL110C,4276.968159
YNL111C,5391.723821
YNL112W,33100.13458
YNL113W,8681.521714
YNL116W,1746.07334
YNL118C,8527.59785
YNL119W,2858.475365
YNL121C,45289.10782
YNL123W,3148.825924
YNL124W,1809.779588
YNL126W,56.866386
YNL127W,1083.681248
YNL129W,1458.258755
YNL130C,981.420509
YNL131W,6606.776991
YNL133C,468.39465
YNL134C,3486.464288
YNL135C,43307.05408
YNL136W,299.519102
YNL137C,3269.630172
YNL138W,8758.802888
YNL139C,521.1317
YNL140C,1590.703824
YNL141W,20675.37706
YNL143C,238.011792
YNL147W,3071.341699
YNL148C,655.803216
YNL153C,7474.443014
YNL154C,6162.434602
YNL155W,4276.968159
YNL156C,3389.321577
YNL158W,6940.255169
YNL161W,450.486391
YNL162W,13642.32568
YNL162W-A,395.628344
YNL163C,7770.941037
YNL167C,503.708466
YNL168C,2548.860755
YNL169C,1083.681248
YNL172W,177.855313
YNL173C,1239.692946
YNL175C,3830.083377
YNL177C,1809.779588
YNL178W,146333.9741
YNL180C,2181.174143
YNL181W,13909.46096
YNL183C,284.465482
YNL184C,622.843006
YNL185C,3192.887447
YNL189W,2791.015122
YNL190W,1377.330737
YNL191W,7303.145229
YNL197C,5727.807926
YNL200C,1377.330737
YNL201C,7012.373832
YNL206C,11144.96053
YNL207W,10348.01483
YNL209W,103902.0396
YNL212W,3497.215661
YNL213C,1155.251341
YNL214W,655.803216
YNL215W,1471.635869
YNL216W,4387.614707
YNL218W,1183.565989
YNL220W,56792.61238
YNL221C,845.818925
YNL223W,3302.381076
YNL224C,1444.850698
YNL227C,2313.309473
YNL229C,7060.581089
YNL230C,814.957372
YNL231C,15360.91516
YNL232W,5547.77929
YNL234W,194.711698
YNL236W,1720.427389
YNL239W,521.1317
YNL241C,15024.36161
YNL242W,876.399694
YNL243W,40562.26817
YNL245C,861.143461
YNL246W,3115.677812
YNL247W,22968.29285
YNL249C,1054.721202
YNL250W,830.424217
YNL251C,19559.3369
YNL252C,7425.375296
YNL254C,799.416322
YNL255C,96654.98837
YNL256W,4589.084601
YNL257C,432.397164
YNL258C,8965.919913
YNL260C,783.798887
YNL261W,768.066095
YNL262W,1972.867337
YNL264C,5040.259907
YNL265C,4760.162447
YNL267W,1603.793112
YNL268W,2583.713125
YNL271C,166.392335
YNL272C,13221.40342
YNL273W,951.715802
YNL274C,3280.556272
YNL275W,194.711698
YNL277W,2241.478296
YNL278W,1377.330737
YNL280C,1597.251841
YNL281W,8527.59785
YNL282W,1363.727534
YNL284C,5347.390686
YNL286W,1363.727534
YNL287W,77868.36272
YNL288W,18817.28343
YNL289W,606.198294
YNL290W,3136.469588
YNL291C,3214.860847
YNL292W,3990.815966
YNL293W,177.855313
YNL295W,503.708466
YNL297C,2408.222476
YNL299W,2241.478296
YNL300W,1484.982463
YNL301C,63707.13044
YNL302C,3443.374934
YNL304W,2847.163185
YNL306W,5303.171151
YNL307C,395.628344
YNL308C,1784.365878
YNL309W,319.300389
YNL310C,1524.843187
YNL311C,432.397164
YNL312W,6081.633924
YNL313C,8070.986999
YNL315C,2835.839687
YNL316C,2022.360037
YNL317W,7807.438717
YNL320W,258.915893
YNL321W,258.915893
YNL322C,622.843006
YNL323W,2461.197945
YNL325C,338.777852
YNL326C,2132.627524
YNL328C,572.55651
YNL329C,1629.891555
YNL330C,3850.062764
YNL336W,1733.262297
YNR004W,1720.427389
YNR006W,172.147832
YNR007C,3612.452429
YNR009W,2881.06604
YNR010W,1363.727534
YNR011C,172.147832
YNR013C,4276.968159
YNR014W,2360.885973
YNR015W,2653.066587
YNR016C,20205.78692
YNR017W,1444.850698
YNR018W,12045.29794
YNR019W,279.403257
YNR021W,34906.33689
YNR024W,1350.090109
YNR026C,6162.434602
YNR027W,6583.15252
YNR029C,1564.443453
YNR030W,3553.78712
YNR031C,216.634494
YNR032W,1960.445507
YNR033W,1551.271682
YNR034W,1972.867337
YNR034W-A,2824.504803
YNR035C,13406.22431
YNR036C,238.011792
YNR038W,12734.34652
YNR040W,1141.028544
YNR043W,13671.92803
YNR045W,450.486391
YNR046W,4802.930574
YNR047W,752.325536
YNR048W,4506.061582
YNR049C,1377.330737
YNR050C,57484.47775
YNR051C,11676.92473
YNR052C,1524.843187
YNR053C,67680.27947
YNR054C,12821.59638
YNR061C,338.777852
YNR067C,64.3
YNR074C,1564.443453
YNR075W,2372.742316
YOL004W,1662.367647
YOL005C,4276.968159
YOL006C,2970.989127
YOL009C,1069.225892
YOL010W,10006.51422
YOL012C,2835.839687
YOL013C,2664.580961
YOL016C,7499.014395
YOL017W,432.397164
YOL020W,752.325536
YOL021C,606.198294
YOL022C,124.510117
YOL023W,1404.436492
YOL025W,194.711698
YOL027C,7388.640295
YOL028C,1694.684899
YOL030W,11676.92473
YOL031C,2420.019938
YOL032W,1910.557947
YOL033W,2937.349284
YOL034W,891.589403
YOL038W,16761.48064
YOL039W,427624.0342
YOL041C,5909.607347
YOL042W,3475.704567
YOL043C,124.510117
YOL044W,1069.225892
YOL045W,2217.406213
YOL046C,1784.365878
YOL047C,154.72696
YOL049W,3432.581433
YOL051W,606.198294
YOL052C,7060.581089
YOL052C-A,783.798887
YOL054W,6488.917408
YOL055C,194.711698
YOL056W,3730.671372
YOL057W,3258.69488
YOL058W,1872.926488
YOL059W,8965.919913
YOL060C,5886.786301
YOL061W,3307.831603
YOL062C,3410.968758
YOL063C,124.510117
YOL064C,7327.540918
YOL065C,1197.659409
YOL066C,1538.071714
YOL067C,2193.268207
YOL068C,1444.850698
YOL069W,1551.271682
YOL070C,1616.855581
YOL071W,1083.681248
YOL072W,1141.028544
YOL076W,5795.776334
YOL077C,13200.68654
YOL077W-A,1322.710493
YOL078W,704.480663
YOL080C,4276.968159
YOL082W,1253.62422
YOL087C,589.437791
YOL088C,1524.843187
YOL089C,238.011792
YOL090W,1225.722176
YOL092W,1797.084034
YOL093W,4092.307504
YOL094C,2756.252492
YOL096C,258.915893
YOL097C,12125.8482
YOL098C,8121.336004
YOL102C,672.127009
YOL103W,468.39465
YOL107W,1629.891555
YOL108C,521.1317
YOL110W,936.775973
YOL111C,6512.436698
YOL112W,1733.262297
YOL113W,238.011792
YOL115W,7548.232046
YOL116W,490.54109
YOL117W,1322.710493
YOL121C,29034.03019
YOL124C,2022.360037
YOL125W,1225.722176
YOL126C,5259.065576
YOL129W,1898.035017
YOL135C,7597.549342
YOL137W,414.115457
YOL138C,606.198294
YOL139C,14208.15319
YOL140W,2301.376984
YOL141W,830.424217
YOL142W,6047.10638
YOL143C,3258.69488
YOL144W,2169.063186
YOL145C,12879.69488
YOL146W,2205.345518
YOL147C,1629.891555
YOL148C,4153.580202
YOL149W,2881.06604
YOL151W,5458.435748
YOL159C-A,124.510117
YOR001W,2156.935194
YOR004W,6964.269049
YOR006C,3612.452429
YOR007C,9424.176737
YOR008C,663.977733
YOR014W,299.519102
YOR016C,2710.514226
YOR017W,1733.262297
YOR018W,386.303267
YOR020C,149
YOR021C,2519.725319
YOR022C,736.464618
YOR023C,338.777852
YOR025W,319.300389
YOR026W,1431.411266
YOR027W,67558.7907
YOR033C,672.127009
YOR034C,814.957372
YOR035C,3410.968758
YOR037W,2733.407426
YOR038C,921.77596
YOR039W,7157.301963
YOR042W,622.843006
YOR043W,1797.084034
YOR044W,4276.968159
YOR046C,14902.5527
YOR047C,238.011792
YOR048C,622.843006
YOR051C,10812.96987
YOR052C,9516.673726
YOR056C,4485.082266
YOR057W,1336.41794
YOR058C,555.549057
YOR059C,1211.71123
YOR060C,1694.684899
YOR061W,4537.58737
YOR062C,2010.015692
YOR063W,450.486391
YOR064C,861.143461
YOR065W,39859.04074
YOR069W,6116.222317
YOR070C,205.746596
YOR076C,232.714339
YOR077W,4590.281414
YOR078W,2120.447552
YOR081C,357.977413
YOR083W,1444.850698
YOR084W,2349.014632
YOR085W,4031.317778
YOR086C,6139.314986
YOR087W,1308.967217
YOR088W,639.376549
YOR089C,8758.802888
YOR090C,7548.232046
YOR091W,4215.134277
YOR093C,41.1
YOR094W,1239.692946
YOR095C,5682.633923
YOR096W,40998.51367
YOR097C,1197.659409
YOR098C,468.39465
YOR099W,5480.729474
YOR101W,2046.992119
YOR104W,996.18804
YOR105W,3671.414453
YOR106W,414.115457
YOR108W,28753.98174
YOR109W,1524.843187
YOR110W,2664.411272
YOR111W,1935.542162
YOR112W,1363.727534
YOR113W,555.549057
YOR116C,6024.121888
YOR118W,2595.30427
YOR123C,1112.447872
YOR124C,2420.019938
YOR127W,395.628344
YOR128C,5413.932878
YOR129C,768.102769
YOR130C,432.397164
YOR131C,395.628344
YOR132W,7376.407847
YOR133W,82659.63538
YOR136W,43095.57219
YOR138C,5932.455733
YOR140W,1040.166157
YOR141C,1010.900703
YOR142W,18361.30696
YOR143C,3324.169656
YOR147W,10402.38607
YOR148C,752.325536
YOR150W,6725.291721
YOR151C,18719.28267
YOR152C,1885.491266
YOR153W,42022.02203
YOR154W,3247.750348
YOR155C,1590.703824
YOR156C,3170.875939
YOR157C,11395.98539
YOR158W,2010.015692
YOR159C,555.549057
YOR160W,6340.117943
YOR163W,3443.374934
YOR164C,5347.390686
YOR165W,2265.485518
YOR167C,94491.20217
YOR168W,37492.12077
YOR171C,2835.839687
YOR172W,124.510117
YOR173W,1809.779588
YOR174W,1616.855581
YOR176W,22699.49913
YOR179C,1431.411266
YOR181W,8578.810965
YOR182C,18523.75765
YOR184W,15854.54936
YOR185C,2455.326041
YOR187W,58527.12835
YOR188W,172.147832
YOR189W,538.409577
YOR193W,381.619491
YOR195W,314.38466
YOR196C,1629.891555
YOR197W,1404.436492
YOR198C,33431.45981
YOR201C,2756.252492
YOR202W,2096.034577
YOR205C,936.775973
YOR206W,28954.15627
YOR207C,1948.003846
YOR208W,148.811243
YOR209C,32072.84976
YOR210W,5303.171151
YOR212W,2046.992119
YOR213C,1797.084034
YOR215C,2869.776294
YOR216C,7622.245279
YOR217W,2356.382935
YOR220W,966.596862
YOR221C,1363.727534
YOR224C,6208.754523
YOR226C,3421.779388
YOR227W,194.711698
YOR229W,3750.4889
YOR230W,7746.096642
YOR231W,1040.166157
YOR233W,142.835745
YOR234C,65576.06264
YOR236W,1083.681248
YOR237W,1694.684899
YOR238W,891.589403
YOR239W,17014.40456
YOR241W,7084.723063
YOR242C,3004.533419
YOR243C,4153.580202
YOR244W,1169.430224
YOR245C,906.714285
YOR246C,966.596862
YOR249C,258.915893
YOR251C,5773.092599
YOR252W,5347.390686
YOR253W,2372.742316
YOR254C,17715.96078
YOR256C,299.519102
YOR258W,395.628344
YOR260W,9534.08313
YOR261C,19772.74484
YOR262W,9226.914667
YOR264W,921.77596
YOR265W,1758.86078
YOR266W,1458.258755
YOR267C,299.519102
YOR270C,55713.92594
YOR271C,9292.524958
YOR272W,6665.95274
YOR273C,21420.01841
YOR274W,2022.360037
YOR275C,2881.06604
YOR276W,26908.67928
YOR278W,1363.727534
YOR279C,861.143461
YOR281C,7696.481883
YOR283W,8298.319197
YOR284W,1363.727534
YOR285W,7474.443014
YOR286W,4215.134277
YOR288C,830.424217
YOR289W,1707.568347
YOR290C,216.634494
YOR293W,54051.29234
YOR295W,639.376549
YOR296W,299.519102
YOR297C,4443.214781
YOR298C-A,47276.66661
YOR299W,2071.549859
YOR303W,2583.713125
YOR304C-A,655.803216
YOR304W,1524.843187
YOR305W,1417.940016
YOR307C,783.798887
YOR310C,34661.38576
YOR311C,783.798887
YOR316C,2071.549859
YOR317W,7474.443014
YOR319W,1239.692946
YOR320C,238.011792
YOR321W,2721.966881
YOR322C,294.52283
YOR323C,6916.267009
YOR324C,258.915893
YOR326W,4339.080303
YOR327C,299.519102
YOR329C,704.480663
YOR330C,376.921209
YOR332W,16134.33573
YOR334W,768.102769
YOR335C,33848.6634
YOR336W,814.957372
YOR337W,736.464618
YOR340C,4072.329637
YOR341W,2835.839687
YOR342C,1363.727534
YOR344C,486.132248
YOR346W,521.1317
YOR347C,2132.627524
YOR349W,704.480663
YOR350C,861.143461
YOR352W,3507.958726
YOR353C,891.589403
YOR354C,7254.42956
YOR355W,2277.46513
YOR356W,3324.169656
YOR358W,450.486391
YOR359W,3198.384354
YOR360C,6512.436698
YOR361C,47538.89227
YOR362C,11959.9744
YOR367W,1577.587385
YOR368W,189.135227
YOR370C,23837.03008
YOR371C,1642.901353
YOR372C,799.416322
YOR373W,891.589403
YOR374W,22207.17644
YOR375C,77487.89346
YOR377W,1985.269522
YOR385W,503.708466
YOR386W,688.35166
YPL002C,1040.166157
YPL004C,104485.4432
YPL005W,1758.86078
YPL006W,521.1317
YPL007C,2065.796774
YPL008W,98.941523
YPL009C,7696.481883
YPL011C,3302.381076
YPL012W,8171.781919
YPL015C,5259.065576
YPL016W,92.296564
YPL017C,6395.104469
YPL018W,1253.62422
YPL019C,2630
YPL020C,376.921209
YPL022W,1404.436492
YPL024W,1498.298948
YPL026C,2813.158464
YPL028W,60894.5956
YPL029W,1444.850698
YPL030W,7721.276914
YPL031C,6162.434602
YPL032C,2181.174143
YPL037C,17973.2403
YPL038W,521.1317
YPL040C,1267.516655
YPL043W,4986.235827
YPL045W,1295.187544
YPL046C,538.409577
YPL047W,672.127009
YPL048W,60864.7948
YPL049C,1458.258755
YPL050C,1629.891555
YPL051W,1923.060261
YPL053C,4380.642237
YPL055C,2059.280198
YPL058C,752.325536
YPL059W,6255.181772
YPL060W,395.628344
YPL061W,135053.6447
YPL063W,2402.318293
YPL064C,2360.885973
YPL065W,1417.940016
YPL066W,395.628344
YPL067C,1471.635869
YPL069C,2835.839687
YPL072W,450.486391
YPL074W,258.915893
YPL075W,258.915893
YPL078C,12879.69488
YPL079W,66444.27455
YPL081W,106018.1917
YPL082C,6559.55429
YPL083C,530.590966
YPL084W,10212.47379
YPL085W,357.977413
YPL086C,4760.162447
YPL089C,736.464618
YPL090C,65985.61062
YPL091W,7597.549342
YPL093W,28011.31397
YPL094C,16478.34862
YPL095C,572.55651
YPL096W,4845.817038
YPL097W,996.18804
YPL100W,6024.121888
YPL101W,357.977413
YPL103C,177.855313
YPL104W,1551.271682
YPL105C,830.424217
YPL106C,71727.06777
YPL107W,2096.034577
YPL109C,2467.066327
YPL110C,2301.376984
YPL111W,42778.95161
YPL112C,2420.019938
YPL115C,752.325536
YPL116W,4422.326721
YPL117C,25460.04644
YPL118W,655.803216
YPL119C,1484.982463
YPL120W,2490.504884
YPL122C,8901.277074
YPL123C,503.708466
YPL125W,6301.716046
YPL126W,6559.55429
YPL127C,6559.55429
YPL128C,6379.554926
YPL129W,3115.677812
YPL133C,799.416322
YPL134C,2835.839687
YPL135W,10812.96987
YPL137C,655.803216
YPL138C,1681.776763
YPL139C,3037.98376
YPL140C,1948.003846
YPL141C,555.549057
YPL144W,2205.345518
YPL145C,32169.31283
YPL146C,1603.793112
YPL148C,486.132248
YPL149W,606.198294
YPL151C,1771.624875
YPL152W,2431.80295
YPL153C,6897.500075
YPL155C,655.803216
YPL158C,238.011792
YPL160W,157764.1297
YPL161C,6325.023224
YPL162C,1444.850698
YPL163C,688.35166
YPL166W,752.325536
YPL169C,2830.35351
YPL170W,6301.716046
YPL174C,238.011792
YPL175W,1484.982463
YPL176C,395.628344
YPL177C,521.1317
YPL178W,6197.164469
YPL179W,319.300389
YPL180W,243.279746
YPL181W,1590.703824
YPL183C,3454.15993
YPL183W-A,538.409577
YPL184C,7945.539977
YPL188W,4653.762501
YPL190C,5828.228497
YPL191C,2046.992119
YPL193W,258.915893
YPL194W,238.011792
YPL195W,13524.11534
YPL196W,1564.443453
YPL198W,7084.723063
YPL199C,2132.627524
YPL203W,2217.406213
YPL204W,10296.60527
YPL206C,3269.630172
YPL207W,5413.932878
YPL208W,4802.930574
YPL209C,148.811243
YPL210C,11776.67302
YPL211W,5171.19776
YPL212C,8133.938406
YPL213W,3632.073559
YPL215W,14238.1304
YPL216W,3060.232559
YPL219W,395.628344
YPL220W,115702.4473
YPL222W,2431.80295
YPL225W,37508.96939
YPL226W,37569.71143
YPL227C,5795.776334
YPL228W,3904.77949
YPL229W,921.77596
YPL231W,16982.72492
YPL232W,450.486391
YPL233W,3710.886411
YPL234C,538.409577
YPL235W,3032.415161
YPL239W,13054.47775
YPL240C,444942.6949
YPL241C,1629.891555
YPL242C,279.403257
YPL243W,6278.464565
YPL245W,1126.761005
YPL246C,7845.621926
YPL247C,799.416322
YPL248C,166.392335
YPL249C,1935.542162
YPL249C-A,5369.543076
YPL250C,450.486391
YPL252C,14781.05152
YPL254W,7945.539977
YPL255W,921.77596
YPL256C,1267.516655
YPL259C,4422.326721
YPL262W,6916.267009
YPL263C,4011.051031
YPL265W,432.397164
YPL267W,688.35166
YPL269W,655.803216
YPL270W,3389.321577
YPL271W,4276.968159
YPL273W,60277.72194
YPL274W,1295.187544
YPR002W,2733.407426
YPR004C,2948.573282
YPR006C,1083.681248
YPR008W,338.777852
YPR010C,14058.56127
YPR013C,194.711698
YPR016C,18621.44064
YPR017C,1498.298948
YPR018W,1590.703824
YPR019W,8802.643211
YPR022C,238.011792
YPR023C,1885.491266
YPR024W,20138.97602
YPR025C,8698.860075
YPR028W,1758.86078
YPR029C,4845.817038
YPR031W,172.147832
YPR033C,26765.67125
YPR034W,1363.727534
YPR035W,345680.3554
YPR036W,22465.75446
YPR037C,258.915893
YPR040W,5705.20707
YPR041W,48267.95835
YPR042C,376.921209
YPR043W,44582.65513
YPR045C,3356.785381
YPR046W,279.403257
YPR047W,1797.084034
YPR049C,85.528878
YPR051W,1935.542162
YPR052C,3870.074331
YPR056W,4631.368938
YPR057W,1872.926488
YPR061C,414.115457
YPR062W,5182.156129
YPR063C,2144.790022
YPR065W,238.011792
YPR066W,752.325536
YPR067W,1564.443453
YPR068C,538.409577
YPR070W,4674.982815
YPR072W,5105.598763
YPR073C,3497.215661
YPR074C,40272.24249
YPR075C,1155.251341
YPR080W,376.921209
YPR081C,2289.428911
YPR083W,414.115457
YPR086W,6749.072895
YPR090W,3691.134082
YPR091C,861.143461
YPR095C,279.403257
YPR097W,3082.44074
YPR098C,752.325536
YPR100W,3389.321577
YPR101W,720.517291
YPR102C,39036.61174
YPR103W,8527.59785
YPR104C,639.376549
YPR105C,1616.855581
YPR106W,521.1317
YPR107C,3691.134082
YPR108W,51911.12827
YPR110C,12989.05624
YPR111W,3324.169656
YPR112C,2217.406213
YPR113W,3810.136233
YPR114W,1923.060261
YPR115W,299.519102
YPR116W,2144.790022
YPR118W,921.77596
YPR119W,338.777852
YPR120C,521.1317
YPR122W,622.843006
YPR124W,1183.565989
YPR125W,11256.31321
YPR127W,2193.268207
YPR128C,2253.48995
YPR129W,1281.37089
YPR131C,639.376549
YPR132W,3335.050473
YPR133C,2828.596007
YPR134W,861.143461
YPR135W,3280.556272
YPR137W,5127.436254
YPR138C,3820.105771
YPR139C,6630.427668
YPR140W,1336.41794
YPR141C,3247.750348
YPR143W,6197.164469
YPR144C,1629.891555
YPR147C,2010.015692
YPR152C,1308.967217
YPR154W,2193.268207
YPR155C,2937.349284
YPR156C,2756.252492
YPR159W,4760.162447
YPR161C,2071.549859
YPR162C,2169.540592
YPR163C,23983.63293
YPR167C,216.634494
YPR168W,1471.635869
YPR169W,7746.096642
YPR171W,704.480663
YPR172W,357.977413
YPR173C,5347.390686
YPR174C,3421.779388
YPR175W,3112.519083
YPR176C,1524.843187
YPR178W,1767.374175
YPR179C,1098.088258
YPR180W,7425.375296
YPR182W,2572.108883
YPR183W,1885.491266
YPR184W,124.510117
YPR185W,148.811243
YPR186C,1381.664642
YPR187W,6093.156634
YPR188C,1126.761005
YPR189W,11931.57501
YPR190C,2521.888699
YPR191W,35700.95989
